,Health (Life Expectancy),year,Happiness Rank,Generosity,Freedom,Happiness Score,Trust (Government Corruption),Economy (GDP per Capita),Country,Continent
0,0.17344,2016,154,0.31268,0.1643,3.36,0.07112,0.38227,Afghanistan,Asia
1,0.30335,2015,153,0.3651,0.23414,3.575,0.09719,0.31982,Afghanistan,Asia
2,0.255,2018,145,0.191,0.085,3.632,0.036000000000000004,0.332,Afghanistan,Asia
3,0.361,2019,154,0.158,0.0,3.2030000000000003,0.025,0.35,Afghanistan,Asia
4,0.18074677884578694,2017,141,0.311870932579041,0.106179520487785,3.79399991035461,0.0611578300595284,0.401477217674255,Afghanistan,Asia
5,0.731159746646881,2017,109,0.201312944293022,0.381498634815216,4.64400005340576,0.0398642159998417,0.996192753314972,Albania,Europe
6,0.73007,2016,109,0.1684,0.31866,4.655,0.05301,0.9553,Albania,Europe
7,0.79,2018,112,0.149,0.419,4.586,0.032,0.916,Albania,Europe
8,0.8740000000000001,2019,107,0.17800000000000002,0.383,4.7189999999999985,0.027000000000000003,0.947,Albania,Europe
9,0.81325,2015,95,0.14272,0.35733000000000004,4.959,0.06412999999999999,0.8786700000000001,Albania,Europe
10,0.6180399999999999,2016,38,0.07044,0.21006,6.355,0.16157,1.05266,Algeria,Africa
11,0.61766,2015,68,0.07822,0.28579,5.605,0.17382999999999998,0.93929,Algeria,Africa
12,0.785,2019,88,0.073,0.086,5.211,0.114,1.002,Algeria,Africa
13,0.6175846457481379,2017,53,0.0694366469979286,0.233335807919502,5.8720002174377415,0.14609611034393302,1.09186446666718,Algeria,Africa
14,0.687,2018,84,0.055,0.077,5.295,0.135,0.979,Algeria,Africa
15,0.16683,2015,137,0.12344,0.10384000000000003,4.033,0.07122,0.75778,Angola,Africa
16,0.0498686656355858,2017,140,0.09792649000883097,0.0,3.79500007629395,0.0697203353047371,0.8584281802177429,Angola,Africa
17,0.04991,2016,141,0.12070999999999997,0.00589,3.866,0.08434,0.84731,Angola,Africa
18,0.269,2018,142,0.079,0.0,3.795,0.061,0.73,Angola,Africa
19,0.7440000000000001,2018,29,0.062,0.57,6.388,0.054000000000000006,1.073,Argentina,South America
20,0.695137083530426,2017,24,0.109457060694695,0.4945192039012911,6.59899997711182,0.059739887714385986,1.18529546260834,Argentina,South America
21,0.69711,2016,26,0.10989000000000003,0.42284,6.65,0.07296,1.15137,Argentina,South America
22,0.8809999999999999,2019,47,0.066,0.471,6.086,0.05,1.092,Argentina,South America
23,0.78723,2015,30,0.11451,0.44974,6.574,0.08484,1.05351,Argentina,South America
24,0.6659999999999999,2018,129,0.077,0.26,4.3210000000000015,0.028,0.816,Armenia,Asia
25,0.815,2019,116,0.095,0.28300000000000003,4.559,0.064,0.85,Armenia,Asia
26,0.64083,2016,121,0.07793,0.14037,4.36,0.036160000000000005,0.8608600000000001,Armenia,Asia
27,0.7299,2015,127,0.07855,0.19847,4.35,0.039,0.7682100000000001,Armenia,Asia
28,0.637524425983429,2017,121,0.0834880918264389,0.198303267359734,4.37599992752075,0.0266744215041399,0.900596737861633,Armenia,Asia
29,0.91,2018,10,0.361,0.647,7.272,0.302,1.34,Australia,Australia
30,0.8512,2016,9,0.47407,0.5683699999999999,7.313,0.32331,1.44443,Australia,Australia
31,0.93156,2015,10,0.43562,0.6512399999999999,7.284,0.35637,1.33358,Australia,Australia
32,1.036,2019,11,0.332,0.557,7.228,0.29,1.372,Australia,Australia
33,0.84388679265976,2017,10,0.477699249982834,0.601607382297516,7.28399991989136,0.301183730363846,1.4844149351120002,Australia,Australia
34,0.80565,2016,12,0.32865,0.54355,7.119,0.21348000000000006,1.45038,Austria,Europe
35,1.016,2019,10,0.244,0.532,7.246,0.226,1.376,Austria,Europe
36,0.8904200000000001,2015,13,0.33088,0.62433,7.2,0.18676,1.33723,Austria,Europe
37,0.8909999999999999,2018,12,0.242,0.617,7.1389999999999985,0.224,1.341,Austria,Europe
38,0.8153284192085269,2017,13,0.316472321748734,0.567766189575195,7.00600004196167,0.22106036543846105,1.48709726333618,Austria,Europe
39,0.5407757759094239,2017,85,0.0452693402767181,0.3981558382511141,5.2340002059936515,0.180987507104874,1.1536017656326298,Azerbaijan,Asia
40,0.603,2018,87,0.031,0.43,5.2010000000000005,0.17600000000000002,1.024,Azerbaijan,Asia
41,0.769,2019,90,0.035,0.35100000000000003,5.207999999999998,0.182,1.043,Azerbaijan,Asia
42,0.64045,2015,80,0.07799,0.3703,5.2120000000000015,0.16065,1.02389,Azerbaijan,Asia
43,0.54504,2016,81,0.0564,0.35327,5.291,0.17914000000000002,1.12373,Azerbaijan,Asia
44,0.74716,2015,49,0.17362,0.45492,5.96,0.306,1.32376,Bahrain,Asia
45,0.65696,2016,42,0.17147,0.47375,6.218,0.25772,1.44024,Bahrain,Asia
46,0.653133034706116,2017,41,0.17266848683357194,0.536746919155121,6.08699989318848,0.257042169570923,1.48841226100922,Bahrain,Asia
47,0.698,2018,43,0.243,0.594,6.105,0.123,1.338,Bahrain,Asia
48,0.871,2019,37,0.255,0.536,6.199,0.11,1.362,Bahrain,Asia
49,0.723,2019,125,0.166,0.527,4.456,0.14300000000000002,0.562,Bangladesh,Asia
50,0.533241033554077,2017,110,0.17225535213947304,0.478356659412384,4.60799980163574,0.123717859387398,0.586682975292206,Bangladesh,Asia
51,0.60164,2015,109,0.21222,0.4082,4.694,0.12569,0.39753,Bangladesh,Asia
52,0.579,2018,115,0.153,0.58,4.5,0.14400000000000002,0.532,Bangladesh,Asia
53,0.52989,2016,110,0.19132,0.39778,4.643,0.12583,0.54177,Bangladesh,Asia
54,0.7,2018,73,0.101,0.307,5.483,0.154,1.039,Belarus,Europe
55,0.6310399999999999,2016,61,0.13942000000000002,0.29091,5.8020000000000005,0.17457,1.1306200000000002,Belarus,Europe
56,0.789,2019,81,0.094,0.235,5.323,0.142,1.067,Belarus,Europe
57,0.7360800000000001,2015,59,0.11046,0.37938,5.813,0.1909,1.0319200000000002,Belarus,Europe
58,0.6377142667770389,2017,67,0.15513750910759,0.295400261878967,5.5689997673034695,0.156313821673393,1.15655755996704,Belarus,Europe
59,0.894,2018,16,0.188,0.583,6.9270000000000005,0.24,1.324,Belgium,Europe
60,0.8966700000000001,2015,19,0.2225,0.5845,6.937,0.2254,1.30782,Belgium,Europe
61,0.986,2019,18,0.16,0.473,6.922999999999999,0.21,1.356,Belgium,Europe
62,0.8180918693542479,2017,17,0.23150333762168895,0.5397707223892211,6.89099979400635,0.251343131065369,1.46378076076508,Belgium,Europe
63,0.8195899999999999,2016,18,0.2424,0.51354,6.9289999999999985,0.26248,1.42539,Belgium,Europe
64,0.45569,2016,52,0.23684,0.51231,5.956,0.10771,0.87616,Belize,North America
65,0.450191766023636,2017,50,0.24001564085483604,0.5475093722343439,5.955999851226809,0.0965810716152191,0.907975316047668,Belize,North America
66,0.474,2018,49,0.183,0.593,5.956,0.08900000000000001,0.807,Belize,North America
67,0.20993021130561804,2017,143,0.207948461174965,0.42596277594566295,3.65700006484985,0.0609290152788162,0.43108540773391707,Benin,Africa
68,0.3191,2015,155,0.1826,0.4845,3.34,0.0801,0.28665,Benin,Africa
69,0.24,2018,136,0.163,0.44,4.141,0.067,0.378,Benin,Africa
70,0.397,2019,102,0.175,0.349,4.883,0.08199999999999999,0.393,Benin,Africa
71,0.21028,2016,153,0.2018,0.39747,3.484,0.06681000000000001,0.39499,Benin,Africa
72,0.527,2018,97,0.364,0.541,5.082,0.171,0.7959999999999999,Bhutan,Asia
73,0.57407,2015,79,0.47998,0.5320600000000001,5.252999999999999,0.15445,0.77042,Bhutan,Asia
74,0.604,2019,95,0.37,0.457,5.082,0.16699999999999998,0.813,Bhutan,Asia
75,0.49759,2016,84,0.4854600000000001,0.46074,5.1960000000000015,0.1616,0.8527,Bhutan,Asia
76,0.495879292488098,2017,97,0.474054545164108,0.5015376806259161,5.01100015640259,0.17338038980960802,0.885416388511658,Bhutan,Asia
77,0.4736302495002751,2017,58,0.22556072473526,0.5587329268455511,5.82299995422363,0.0604777261614799,0.833756566047668,Bolivia,South America
78,0.4697,2016,59,0.21698,0.50961,5.822,0.07746,0.79422,Bolivia,South America
79,0.5392,2015,51,0.20536,0.57414,5.89,0.08800000000000001,0.68133,Bolivia,South America
80,0.706,2019,61,0.13699999999999998,0.511,5.779,0.064,0.7759999999999999,Bolivia,South America
81,0.508,2018,62,0.141,0.606,5.752000000000002,0.054000000000000006,0.7509999999999999,Bolivia,South America
82,0.7076600000000001,2016,87,0.29889,0.09511,5.1629999999999985,0.0,0.93383,Bosnia and Herzegovina,Europe
83,0.79081,2015,96,0.24808,0.09245,4.949,0.00227,0.8322299999999999,Bosnia and Herzegovina,Europe
84,0.845,2019,78,0.263,0.212,5.386,0.006,0.945,Bosnia and Herzegovina,Europe
85,0.705186307430267,2017,90,0.328867495059967,0.204403176903725,5.18200016021729,0.0,0.982409417629242,Bosnia and Herzegovina,Europe
86,0.758,2018,93,0.21600000000000005,0.28,5.129,0.0,0.915,Bosnia and Herzegovina,Europe
87,0.34752,2016,137,0.12425,0.44089,3.974,0.10769,1.09426,Botswana,Africa
88,0.04776,2015,128,0.10461,0.49495,4.332,0.12474,0.99355,Botswana,Africa
89,0.417,2018,146,0.042,0.557,3.59,0.092,1.017,Botswana,Africa
90,0.5379999999999999,2019,148,0.025,0.455,3.488,0.1,1.041,Botswana,Africa
91,0.34175550937652605,2017,142,0.0993484482169151,0.505196332931519,3.7660000324249294,0.0985831990838051,1.12209415435791,Botswana,Africa
92,0.675,2018,28,0.11,0.493,6.419,0.08800000000000001,0.986,Brazil,South America
93,0.61415,2016,17,0.15775999999999998,0.40425,6.952000000000001,0.14165999999999998,1.08754,Brazil,South America
94,0.6165523529052729,2017,22,0.16234989464282998,0.437453746795654,6.63500022888184,0.111092761158943,1.10735321044922,Brazil,South America
95,0.802,2019,32,0.099,0.39,6.3,0.086,1.004,Brazil,South America
96,0.69702,2015,16,0.14574,0.49049,6.983,0.17521,0.98124,Brazil,South America
97,0.76649,2015,134,0.11921,0.30587,4.218,0.00872,1.01216,Bulgaria,Europe
98,0.7120000000000001,2018,100,0.064,0.359,4.933,0.009000000000000001,1.054,Bulgaria,Europe
99,0.708217680454254,2017,105,0.113177694380283,0.2892317175865169,4.71400022506714,0.0110515309497714,1.1614590883255,Bulgaria,Europe
100,0.67806,2016,129,0.12793,0.21219,4.217,0.00615,1.11306,Bulgaria,Europe
101,0.815,2019,97,0.081,0.311,5.011,0.004,1.092,Bulgaria,Europe
102,0.38,2019,115,0.177,0.255,4.587,0.113,0.331,Burkina Faso,Africa
103,0.21297,2016,145,0.24353,0.3337,3.739,0.12533,0.31995,Burkina Faso,Africa
104,0.254,2018,121,0.175,0.312,4.424,0.128,0.314,Burkina Faso,Africa
105,0.27125,2015,152,0.21747,0.39493,3.587,0.12832000000000002,0.25812,Burkina Faso,Africa
106,0.21584425866603896,2017,134,0.250864684581757,0.32436785101890603,4.03200006484985,0.12032810598611805,0.3502277135849001,Burkina Faso,Africa
107,0.38,2019,145,0.17600000000000002,0.22,3.775,0.18,0.046,Burundi,Africa
108,0.151610791683197,2017,154,0.20443518459796894,0.0599007532000542,2.90499997138977,0.0841479450464249,0.091622568666935,Burundi,Africa
109,0.15747,2016,157,0.2029,0.0432,2.905,0.09419,0.06831,Burundi,Africa
110,0.22396,2015,157,0.19727,0.1185,2.905,0.10062,0.0153,Burundi,Africa
111,0.145,2018,156,0.149,0.065,2.905,0.076,0.091,Burundi,Africa
112,0.457,2018,120,0.256,0.696,4.433,0.065,0.5489999999999999,Cambodia,Asia
113,0.637,2019,109,0.232,0.609,4.7,0.062,0.574,Cambodia,Asia
114,0.42494,2016,140,0.40339,0.5885199999999999,3.907,0.08092,0.55604,Cambodia,Asia
115,0.61114,2015,145,0.40359,0.66246,3.819,0.07247,0.46038,Cambodia,Asia
116,0.429783403873444,2017,129,0.385922968387604,0.633375823497772,4.1680002212524405,0.0681059509515762,0.6017650961875921,Cambodia,Asia
117,0.12697999999999998,2016,114,0.2268,0.42736,4.513,0.06126,0.5249699999999999,Cameroon,Africa
118,0.23402,2015,133,0.20618000000000006,0.49309,4.252,0.05786,0.4225,Cameroon,Africa
119,0.132892116904259,2017,107,0.23629845678806305,0.430388748645782,4.69500017166138,0.0513066314160824,0.564305365085602,Cameroon,Africa
120,0.331,2019,96,0.187,0.381,5.044,0.037000000000000005,0.5489999999999999,Cameroon,Africa
121,0.182,2018,99,0.183,0.454,4.975,0.043,0.535,Cameroon,Africa
122,0.83455765247345,2017,7,0.435539722442627,0.611100912094116,7.31599998474121,0.287371516227722,1.47920441627502,Canada,North America
123,0.8276,2016,6,0.44834,0.5737,7.404,0.31329,1.44015,Canada,North America
124,1.039,2019,9,0.285,0.584,7.278,0.308,1.365,Canada,North America
125,0.8959999999999999,2018,7,0.321,0.653,7.3279999999999985,0.29100000000000004,1.33,Canada,North America
126,0.90563,2015,5,0.45811,0.63297,7.427,0.32957,1.32629,Canada,North America
127,0.105,2019,155,0.235,0.225,3.083,0.035,0.026,Central African Republic,Africa
128,0.06699,2015,148,0.23835,0.48879,3.678,0.08288999999999999,0.0785,Central African Republic,Africa
129,0.01,2018,155,0.218,0.305,3.083,0.038,0.024,Central African Republic,Africa
130,0.0187726859003305,2017,155,0.280876487493515,0.270842045545578,2.69300007820129,0.0565650761127472,0.0,Central African Republic,Africa
131,0.053,2018,131,0.181,0.189,4.301,0.06,0.358,Chad,Africa
132,0.192,2019,132,0.198,0.174,4.35,0.078,0.35,Chad,Africa
133,0.0411347150802612,2017,137,0.216113850474358,0.16234202682972002,3.9360001087188703,0.0535818822681904,0.43801298737525896,Chad,Africa
134,0.1501,2015,149,0.18386,0.23501,3.667,0.05269,0.34193,Chad,Africa
135,0.03824,2016,144,0.18667,0.12807000000000002,3.763,0.04952,0.42214,Chad,Africa
136,0.8188300000000001,2016,24,0.31595,0.37789,6.705,0.11451,1.2167,Chile,South America
137,0.8079999999999999,2018,25,0.197,0.431,6.476,0.061,1.131,Chile,South America
138,0.8194797039031979,2017,20,0.3266624212265011,0.376895278692245,6.65199995040894,0.0822879821062088,1.25278460979462,Chile,South America
139,0.92,2019,26,0.187,0.35700000000000004,6.444,0.056,1.159,Chile,South America
140,0.85857,2015,27,0.33363000000000004,0.44132,6.67,0.12869,1.10715,Chile,South America
141,0.73561,2016,83,0.04959,0.44012,5.245,0.02745,1.0278,China,Asia
142,0.81658,2015,84,0.08185,0.5169699999999999,5.14,0.02781,0.89012,China,Asia
143,0.741415500640869,2017,79,0.0288068410009146,0.472787708044052,5.2729997634887695,0.0227942746132612,1.08116579055786,China,Asia
144,0.893,2019,93,0.058,0.521,5.191,0.1,1.029,China,Asia
145,0.799,2018,86,0.029,0.597,5.246,0.103,0.989,China,Asia
146,0.595027923583984,2017,36,0.14901447296142598,0.477487415075302,6.35699987411499,0.0466687418520451,1.07062232494354,Colombia,South America
147,0.635,2018,37,0.099,0.531,6.26,0.039,0.96,Colombia,South America
148,0.59659,2016,31,0.15625999999999998,0.44735,6.481,0.05399,1.03032,Colombia,South America
149,0.69077,2015,33,0.18401,0.53466,6.477,0.0512,0.91861,Colombia,South America
150,0.841,2019,43,0.099,0.47,6.125,0.034,0.985,Colombia,South America
151,0.29981,2016,138,0.1827,0.15412,3.956,0.18437,0.27509,Comoros,Africa
152,0.36315,2015,140,0.17440999999999998,0.22917,3.956,0.199,0.23906,Comoros,Africa
153,0.505,2019,142,0.275,0.142,3.973,0.078,0.274,Comoros,Africa
154,0.508,2019,103,0.105,0.3720000000000001,4.812,0.093,0.6729999999999999,Congo (Brazzaville),Africa
155,0.31051,2015,139,0.12388,0.41466,3.989,0.11686,0.67866,Congo (Brazzaville),Africa
156,0.28212,2016,127,0.12077,0.37938,4.2360000000000015,0.09753,0.7710899999999999,Congo (Brazzaville),Africa
157,0.343,2018,114,0.091,0.514,4.559,0.077,0.682,Congo (Brazzaville),Africa
158,0.28995743393898,2017,124,0.12085212767124197,0.4350258708000179,4.29099988937378,0.0796181336045265,0.8089642524719242,Congo (Brazzaville),Africa
159,0.191407024860382,2017,126,0.246455833315849,0.235961347818375,4.280000209808351,0.0602413564920425,0.0921023488044739,Congo (Kinshasa),Africa
160,0.188,2016,125,0.25458000000000003,0.15602,4.272,0.06075,0.05661,Congo (Kinshasa),Africa
161,0.204,2018,132,0.197,0.312,4.245,0.052000000000000005,0.069,Congo (Kinshasa),Africa
162,0.35700000000000004,2019,127,0.212,0.269,4.418,0.053,0.094,Congo (Kinshasa),Africa
163,0.09806,2015,120,0.24834,0.22605,4.517,0.07625,0.0,Congo (Kinshasa),Africa
164,0.76146,2016,14,0.22553,0.55225,7.0870000000000015,0.10547,1.06879,Costa Rica,North America
165,0.8602700000000001,2015,12,0.25497,0.63376,7.226,0.10583,0.95578,Costa Rica,North America
166,0.963,2019,12,0.14400000000000002,0.5579999999999999,7.167000000000002,0.093,1.034,Costa Rica,North America
167,0.8170000000000001,2018,13,0.14300000000000002,0.632,7.072,0.101,1.01,Costa Rica,North America
168,0.7595092654228209,2017,12,0.21461322903633104,0.580131649971008,7.0789999961853,0.100106589496136,1.10970628261566,Costa Rica,North America
169,0.914,2019,75,0.119,0.29600000000000004,5.432,0.022,1.155,Croatia,Europe
170,0.737,2018,82,0.12,0.38,5.3210000000000015,0.039,1.115,Croatia,Europe
171,0.70524,2016,74,0.18434,0.23907,5.488,0.04002,1.18649,Croatia,Europe
172,0.701288521289825,2017,77,0.248002976179123,0.255772292613983,5.2930002212524405,0.0431031100451946,1.22255623340607,Croatia,Europe
173,0.78805,2015,62,0.05444,0.25883,5.759,0.0243,1.08254,Croatia,Europe
174,0.92356,2015,67,0.30638000000000004,0.40672,5.689,0.06146,1.20813,Cyprus,Europe
175,0.84471470117569,2017,65,0.271254301071167,0.35511153936386103,5.62099981307983,0.0412379764020443,1.35593807697296,Cyprus,Europe
176,0.909,2018,61,0.202,0.423,5.7620000000000005,0.035,1.229,Cyprus,Europe
177,1.042,2019,49,0.19,0.406,6.046,0.041,1.263,Cyprus,Europe
178,0.8488,2016,69,0.27906,0.29507,5.546,0.052279999999999986,1.31857,Cyprus,Europe
179,0.92,2019,20,0.046,0.457,6.852,0.036000000000000004,1.269,Czech Republic,Europe
180,0.76376,2016,27,0.09929,0.41418,6.596,0.03986,1.30915,Czech Republic,Europe
181,0.8540000000000001,2018,21,0.064,0.5429999999999999,6.711,0.034,1.233,Czech Republic,Europe
182,0.84483,2015,31,0.10686,0.46364,6.505,0.02652,1.17898,Czech Republic,Europe
183,0.754444003105164,2017,23,0.0881067588925362,0.490946173667908,6.60900020599365,0.0368729270994663,1.35268235206604,Czech Republic,Europe
184,0.87464,2015,3,0.34139,0.6493800000000001,7.527,0.48357,1.32548,Denmark,Europe
185,0.868,2018,3,0.284,0.6829999999999999,7.555,0.408,1.351,Denmark,Europe
186,0.996,2019,2,0.252,0.5920000000000001,7.6,0.41,1.383,Denmark,Europe
187,0.7925655245780941,2017,2,0.3552804887294771,0.626006722450256,7.52199983596802,0.40077006816864,1.48238301277161,Denmark,Europe
188,0.79504,2016,1,0.36171,0.5794100000000001,7.526,0.44453,1.4417799999999998,Denmark,Europe
189,0.36291,2015,126,0.18093,0.46074,4.369,0.28105,0.44025,Djibouti,Africa
190,0.574873745441437,2017,86,0.186967849731445,0.55258983373642,5.230000019073491,0.113945253193378,1.07937383651733,Dominican Republic,North America
191,0.779,2019,77,0.113,0.4970000000000001,5.425,0.101,1.015,Dominican Republic,North America
192,0.614,2018,83,0.12,0.578,5.3020000000000005,0.106,0.982,Dominican Republic,North America
193,0.5766899999999999,2016,89,0.21286,0.52259,5.155,0.12372,1.02787,Dominican Republic,North America
194,0.66825,2015,98,0.21684,0.57672,4.885,0.14234000000000002,0.8953700000000001,Dominican Republic,North America
195,0.736,2018,48,0.114,0.556,5.973,0.12,0.889,Ecuador,South America
196,0.868,2019,50,0.126,0.498,6.028,0.087,0.912,Ecuador,South America
197,0.79075,2015,48,0.11540999999999997,0.48574,5.975,0.1809,0.8640200000000001,Ecuador,South America
198,0.68613,2016,51,0.10074,0.4027,5.976,0.18037,0.97306,Ecuador,South America
199,0.685636222362518,2017,44,0.15011246502399406,0.4551981985569,6.00799989700317,0.140134647488594,1.00082039833069,Ecuador,South America
200,0.5529999999999999,2018,122,0.092,0.312,4.419,0.107,0.885,Egypt,Africa
201,0.61712,2015,135,0.11291,0.17288,4.194,0.06324,0.8818,Egypt,Africa
202,0.5211600000000001,2016,120,0.12705999999999998,0.18847,4.362,0.10393,0.95395,Egypt,Africa
203,0.644,2019,137,0.076,0.241,4.166,0.067,0.913,Egypt,Africa
204,0.520187258720398,2017,104,0.128631442785263,0.28211015462875394,4.7350001335144,0.114381365478039,0.989701807498932,Egypt,Africa
205,0.789,2019,35,0.093,0.43,6.252999999999999,0.07400000000000001,0.794,El Salvador,North America
206,0.596,2016,46,0.08877,0.37269,6.068,0.10613,0.8737,El Salvador,North America
207,0.596018552780151,2017,45,0.0782579854130745,0.432452529668808,6.0029997825622585,0.0899809598922729,0.909784495830536,El Salvador,North America
208,0.67737,2015,42,0.10692,0.4035,6.13,0.11776,0.76454,El Salvador,North America
209,0.639,2018,40,0.065,0.461,6.167000000000002,0.08199999999999999,0.8059999999999999,El Salvador,North America
210,0.68098,2016,72,0.08423,0.41511,5.517,0.18519,1.27964,Estonia,Europe
211,0.695168316364288,2017,66,0.0988908112049103,0.479131430387497,5.61100006103516,0.18324892222881306,1.3208793401718102,Estonia,Europe
212,0.8740000000000001,2019,55,0.103,0.495,5.893,0.161,1.237,Estonia,Europe
213,0.737,2018,63,0.086,0.5529999999999999,5.739,0.174,1.2,Estonia,Europe
214,0.77361,2015,73,0.0868,0.44888,5.4289999999999985,0.15184,1.15174,Estonia,Europe
215,0.391,2018,127,0.22,0.452,4.35,0.146,0.308,Ethiopia,Africa
216,0.34578000000000003,2016,115,0.29522,0.36703,4.508,0.1717,0.29283000000000003,Ethiopia,Africa
217,0.353409707546234,2017,119,0.31265074014663696,0.408842742443085,4.46000003814697,0.16545571386814098,0.339233845472336,Ethiopia,Africa
218,0.44055,2015,122,0.24325,0.4345,4.512,0.15048,0.19073,Ethiopia,Africa
219,0.532,2019,134,0.209,0.344,4.2860000000000005,0.1,0.336,Ethiopia,Africa
220,0.986,2019,1,0.153,0.596,7.769,0.393,1.34,Finland,Europe
221,0.8891100000000001,2015,6,0.23351,0.64169,7.4060000000000015,0.41372,1.29025,Finland,Europe
222,0.80915766954422,2017,5,0.24548277258873,0.6179508566856379,7.468999862670901,0.38261154294014,1.44357192516327,Finland,Europe
223,0.8740000000000001,2018,1,0.202,0.6809999999999999,7.6320000000000014,0.393,1.305,Finland,Europe
224,0.81091,2016,5,0.25492,0.57104,7.4129999999999985,0.41004,1.40598,Finland,Europe
225,1.045,2019,24,0.111,0.436,6.5920000000000005,0.183,1.324,France,Europe
226,0.8444658517837521,2017,31,0.129762306809425,0.470222115516663,6.44199991226196,0.172502428293228,1.43092346191406,France,Europe
227,0.83795,2016,32,0.1216,0.46562,6.478,0.17808,1.39488,France,Europe
228,0.908,2018,23,0.098,0.52,6.489,0.17600000000000002,1.293,France,Europe
229,0.94579,2015,29,0.12332,0.55011,6.575,0.20646,1.27778,France,Europe
230,0.5710000000000001,2019,104,0.043,0.295,4.799,0.055,1.057,Gabon,Africa
231,0.3494,2016,134,0.06244,0.28098,4.121,0.09314,1.15851,Gabon,Africa
232,0.35657858848571794,2017,118,0.0437853783369064,0.31232857704162603,4.46500015258789,0.0760467872023582,1.1982102394104,Gabon,Africa
233,0.43372,2015,143,0.06822,0.31914000000000003,3.896,0.11091,1.06024,Gabon,Africa
234,0.404,2018,103,0.032,0.35600000000000004,4.758,0.052000000000000005,1.036,Gabon,Africa
235,0.428,2019,120,0.269,0.382,4.516,0.16699999999999998,0.308,Gambia,Africa
236,0.64035,2016,126,0.06786,0.32461,4.252,0.3188,0.8379200000000001,Georgia,Europe
237,0.72926,2015,130,0.055470000000000005,0.40577,4.297,0.38331,0.7419,Georgia,Europe
238,0.643,2018,128,0.038,0.375,4.34,0.215,0.853,Georgia,Europe
239,0.649546980857849,2017,125,0.0540088154375553,0.309410035610199,4.28599977493286,0.25166663527488703,0.950612664222717,Georgia,Europe
240,0.752,2019,119,0.043,0.34600000000000003,4.519,0.16399999999999998,0.8859999999999999,Georgia,Europe
241,0.987,2019,17,0.261,0.495,6.985,0.265,1.3730000000000002,Germany,Europe
242,0.861,2018,15,0.273,0.586,6.965,0.28,1.34,Germany,Europe
243,0.89186,2015,26,0.28214,0.6147699999999999,6.75,0.21843,1.32792,Germany,Europe
244,0.81487,2016,16,0.30452,0.53466,6.994,0.28551,1.44787,Germany,Europe
245,0.798950731754303,2017,16,0.33626917004585305,0.562511384487152,6.9510002136230495,0.276731938123703,1.48792338371277,Germany,Europe
246,0.40132,2015,114,0.23087,0.42342,4.633,0.04355,0.5455800000000001,Ghana,Africa
247,0.29681,2016,124,0.21203,0.40973,4.276,0.0326,0.63107,Ghana,Africa
248,0.337,2018,108,0.212,0.499,4.657,0.029,0.5920000000000001,Ghana,Africa
249,0.29563772678375205,2017,131,0.25692394375801103,0.423026293516159,4.11999988555908,0.0253363698720932,0.667224824428558,Ghana,Africa
250,0.486,2019,98,0.245,0.381,4.996,0.04,0.611,Ghana,Africa
251,0.88213,2015,102,0.0,0.07699,4.857,0.013969999999999998,1.15406,Greece,Europe
252,0.879,2018,79,0.0,0.131,5.358,0.044,1.154,Greece,Europe
253,0.999,2019,82,0.0,0.067,5.287000000000001,0.034,1.181,Greece,Europe
254,0.8101989030838009,2017,87,0.0,0.0957312509417534,5.227000236511231,0.04328977689147,1.28948748111725,Greece,Europe
255,0.80029,2016,99,0.0,0.058220000000000015,5.033,0.04127,1.24886,Greece,Europe
256,0.64425,2015,43,0.27489,0.57733,6.122999999999998,0.09472,0.74553,Guatemala,North America
257,0.746,2019,27,0.175,0.535,6.436,0.078,0.8,Guatemala,North America
258,0.608,2018,30,0.179,0.604,6.3820000000000014,0.071,0.7809999999999999,Guatemala,North America
259,0.5403899999999999,2016,39,0.28808,0.50379,6.324,0.08701,0.83454,Guatemala,North America
260,0.540239989757538,2017,29,0.283488392829895,0.5313106179237371,6.4539999961853,0.0772232785820961,0.872001945972443,Guatemala,North America
261,0.18829,2016,151,0.29914,0.30953,3.607,0.1192,0.22415,Guinea,Africa
262,0.24009,2015,150,0.28657,0.37725,3.656,0.12139,0.17417,Guinea,Africa
263,0.375,2019,118,0.207,0.332,4.534,0.086,0.38,Guinea,Africa
264,0.211,2018,140,0.185,0.394,3.964,0.094,0.344,Guinea,Africa
265,0.194129139184952,2017,149,0.264815092086792,0.348587512969971,3.50699996948242,0.110937617719173,0.24454993009567305,Guinea,Africa
266,0.289,2018,148,0.392,0.025,3.582,0.104,0.315,Haiti,North America
267,0.277321130037308,2017,145,0.4892037808895109,0.0303698573261499,3.6029999256134,0.0998721495270729,0.368610262870789,Haiti,North America
268,0.38847,2015,119,0.46187,0.24425,4.518,0.17175,0.26673,Haiti,North America
269,0.449,2019,147,0.419,0.026,3.597,0.11,0.32299999999999995,Haiti,North America
270,0.27494,2016,136,0.47958,0.12072,4.0280000000000005,0.14476,0.34097,Haiti,North America
271,0.6951,2015,105,0.23027,0.40148,4.788,0.06825,0.59532,Honduras,North America
272,0.622,2018,72,0.197,0.459,5.504,0.07400000000000001,0.62,Honduras,North America
273,0.828,2019,59,0.246,0.507,5.86,0.078,0.642,Honduras,North America
274,0.5838300000000001,2016,104,0.2044,0.26755,4.871,0.06906,0.69429,Honduras,North America
275,0.582569479942322,2017,91,0.23618887364864305,0.348079860210419,5.1810002326965305,0.0733454525470734,0.730573117733002,Honduras,North America
276,1.03,2018,76,0.246,0.524,5.43,0.29100000000000004,1.405,Hong Kong,Asia
277,1.122,2019,76,0.258,0.44,5.43,0.287,1.4380000000000002,Hong Kong,Asia
278,0.95277,2016,75,0.40097,0.48079,5.457999999999998,0.31647,1.5107,Hong Kong,Asia
279,1.01328,2015,72,0.39478,0.59608,5.474,0.37124,1.38604,Hong Kong,Asia
280,0.943062424659729,2017,71,0.374465793371201,0.490968644618988,5.47200012207031,0.293933749198914,1.55167484283447,"Hong Kong S.A.R., China",Asia
281,0.732,2018,69,0.061,0.259,5.62,0.022,1.171,Hungary,Europe
282,0.67608,2016,91,0.099,0.1977,5.145,0.04472,1.24142,Hungary,Europe
283,0.75905,2015,104,0.128,0.32112,4.8,0.02758,1.12094,Hungary,Europe
284,0.6877634525299069,2017,75,0.0784016624093056,0.17586351931095098,5.32399988174438,0.0366369374096394,1.2860119342803995,Hungary,Europe
285,0.828,2019,62,0.081,0.199,5.757999999999999,0.02,1.2009999999999998,Hungary,Europe
286,0.8335521221160892,2017,3,0.475540220737457,0.6271626353263849,7.50400018692017,0.15352655947208402,1.480633020401,Iceland,Europe
287,0.94784,2015,2,0.4363,0.6287699999999999,7.561,0.14145,1.30232,Iceland,Europe
288,0.8673299999999999,2016,3,0.47678,0.56624,7.501,0.14975,1.42666,Iceland,Europe
289,1.026,2019,4,0.354,0.591,7.494,0.118,1.38,Iceland,Europe
290,0.914,2018,4,0.353,0.677,7.495,0.138,1.3430000000000002,Iceland,Europe
291,0.485,2018,133,0.172,0.539,4.19,0.093,0.721,India,Asia
292,0.588,2019,140,0.2,0.498,4.015,0.085,0.755,India,Asia
293,0.455427616834641,2017,122,0.23153848946094505,0.469987004995346,4.31500005722046,0.0922268852591515,0.7922212481498722,India,Asia
294,0.45091,2016,118,0.25028,0.40285,4.404,0.08722,0.74036,India,Asia
295,0.5152899999999999,2015,117,0.26475,0.39786,4.565,0.08492000000000001,0.64499,India,Asia
296,0.4923457205295561,2017,81,0.611704587936401,0.443323463201523,5.26200008392334,0.0153171354904771,0.995538592338562,Indonesia,Asia
297,0.522,2018,96,0.484,0.5379999999999999,5.093,0.018000000000000002,0.899,Indonesia,Asia
298,0.63793,2015,74,0.51535,0.46611,5.399,0.0,0.8282700000000001,Indonesia,Asia
299,0.49374,2016,79,0.56521,0.39237,5.314,0.00322,0.95104,Indonesia,Asia
300,0.66,2019,92,0.498,0.491,5.192,0.028,0.931,Indonesia,Asia
301,0.785,2019,117,0.27,0.305,4.548,0.125,1.1,Iran,Asia
302,0.64232,2016,105,0.38538,0.22544,4.813,0.0557,1.11758,Iran,Asia
303,0.639333188533783,2017,108,0.387242913246155,0.24932260811328896,4.69199991226196,0.048761073499918005,1.15687310695648,Iran,Asia
304,0.69805,2015,110,0.38086,0.30033000000000004,4.686,0.05863,1.0088,Iran,Asia
305,0.691,2018,106,0.282,0.459,4.707,0.129,1.0590000000000002,Iran,Asia
306,0.536,2018,117,0.14800000000000002,0.304,4.456,0.095,1.01,Iraq,Asia
307,0.60237,2015,112,0.17922000000000002,0.0,4.677,0.13788,0.98549,Iraq,Asia
308,0.574,2019,126,0.14800000000000002,0.241,4.437,0.08900000000000001,1.043,Iraq,Asia
309,0.51076,2016,112,0.19589,0.24856,4.575,0.13635999999999998,1.07474,Iraq,Asia
310,0.501180469989777,2017,117,0.19963726401329,0.288555532693863,4.49700021743774,0.107215754687786,1.1027104854583702,Iraq,Asia
311,0.8097826242446899,2017,15,0.42785832285881,0.5731103420257571,6.977000236511231,0.2983881533145901,1.5357066392898602,Ireland,Europe
312,0.999,2019,16,0.298,0.516,7.021,0.31,1.499,Ireland,Europe
313,0.8759999999999999,2018,14,0.307,0.614,6.977,0.306,1.4480000000000002,Ireland,Europe
314,0.89533,2015,18,0.45901,0.6177699999999999,6.94,0.28703,1.33596,Ireland,Europe
315,0.81455,2016,19,0.44963,0.54008,6.907,0.29754,1.48341,Ireland,Europe
316,0.883,2018,19,0.354,0.5329999999999999,6.814,0.272,1.301,Israel,Asia
317,1.029,2019,13,0.261,0.371,7.1389999999999985,0.08199999999999999,1.276,Israel,Asia
318,0.8491700000000001,2016,11,0.32288,0.36432,7.267,0.08728,1.33766,Israel,Asia
319,0.91387,2015,11,0.33172,0.41319,7.278,0.07785,1.2285700000000002,Israel,Asia
320,0.83840399980545,2017,11,0.330082654953003,0.405988603830338,7.212999820709231,0.0852421000599861,1.3753824234008798,Israel,Asia
321,0.95446,2015,50,0.22823,0.26236,5.948,0.02901,1.25114,Italy,Europe
322,0.8531443476676941,2017,48,0.17278964817523998,0.256450712680817,5.96400022506714,0.0280280914157629,1.39506661891937,Italy,Europe
323,1.039,2019,36,0.158,0.231,6.223,0.03,1.294,Italy,Europe
324,0.946,2018,47,0.13699999999999998,0.281,6.0,0.028,1.264,Italy,Europe
325,0.8510200000000001,2016,50,0.16684000000000002,0.18827,5.977,0.02556,1.35495,Italy,Europe
326,0.08,2018,107,0.146,0.467,4.671,0.103,0.541,Ivory Coast,Africa
327,0.0486421696841717,2017,128,0.201237469911575,0.4477061927318571,4.17999982833862,0.130061775445938,0.6030489206314089,Ivory Coast,Africa
328,0.232,2019,99,0.154,0.35200000000000004,4.944,0.09,0.569,Ivory Coast,Africa
329,0.15185,2015,151,0.20165,0.46866,3.655,0.17922000000000002,0.46534,Ivory Coast,Africa
330,0.04476,2016,139,0.20338,0.40663,3.916,0.1553,0.55507,Ivory Coast,Africa
331,0.831,2019,56,0.107,0.49,5.89,0.028,0.831,Jamaica,North America
332,0.693,2018,56,0.096,0.575,5.89,0.031,0.8190000000000001,Jamaica,North America
333,0.6410223841667181,2017,76,0.23381833732128104,0.474307239055634,5.31099987030029,0.0552677810192108,0.925579309463501,Jamaica,North America
334,0.6874100000000001,2015,65,0.2123,0.50442,5.709,0.02299,0.81038,Jamaica,North America
335,0.5946899999999999,2016,73,0.22245,0.43597,5.51,0.04294,0.89333,Jamaica,North America
336,0.988,2018,54,0.079,0.5529999999999999,5.915,0.15,1.294,Japan,Asia
337,1.088,2019,58,0.069,0.445,5.886,0.14,1.327,Japan,Asia
338,0.9134758710861208,2017,51,0.12057276815176,0.505625545978546,5.92000007629395,0.163760736584663,1.41691517829895,Japan,Asia
339,0.99111,2015,46,0.10705,0.49615,5.987,0.1806,1.27074,Japan,Asia
340,0.91491,2016,53,0.10224,0.46761,5.921,0.18985,1.38007,Japan,Asia
341,0.60712,2016,80,0.14262,0.36023,5.303,0.13297,0.99673,Jordan,Asia
342,0.645,2018,90,0.13,0.468,5.1610000000000005,0.134,0.8220000000000001,Jordan,Asia
343,0.815,2019,101,0.11,0.383,4.9060000000000015,0.13,0.8370000000000001,Jordan,Asia
344,0.69639,2015,82,0.11053,0.40661,5.192,0.14293,0.90198,Jordan,Asia
345,0.6045900583267211,2017,74,0.17217046022415194,0.418421149253845,5.33599996566772,0.11980327218771003,0.9910123944282528,Jordan,Asia
346,0.6060415506362921,2017,60,0.20196442306041695,0.43745428323745705,5.8189997673034695,0.11928288638591802,1.2845562696456898,Kazakhstan,Asia
347,0.631,2018,60,0.14800000000000002,0.454,5.79,0.121,1.143,Kazakhstan,Asia
348,0.7290000000000001,2019,60,0.146,0.41,5.809,0.096,1.173,Kazakhstan,Asia
349,0.64368,2015,54,0.11827,0.51649,5.855,0.08454,1.12254,Kazakhstan,Asia
350,0.57386,2016,54,0.15011,0.4052,5.919,0.11132,1.22943,Kazakhstan,Asia
351,0.30998834967613204,2017,112,0.444860309362411,0.452763766050339,4.55299997329712,0.0646413192152977,0.560479462146759,Kenya,Africa
352,0.41435,2015,125,0.37542,0.42215,4.419,0.05839,0.36471,Kenya,Africa
353,0.454,2018,124,0.35200000000000004,0.504,4.41,0.055,0.493,Kenya,Africa
354,0.30147,2016,122,0.41328,0.40576,4.356,0.06686,0.52267,Kenya,Africa
355,0.581,2019,121,0.3720000000000001,0.431,4.509,0.053,0.512,Kenya,Africa
356,0.63132,2015,69,0.2831,0.24749,5.589,0.04741,0.80148,Kosovo,Europe
357,0.758,2019,46,0.262,0.489,6.1,0.006,0.882,Kosovo,Europe
358,0.541452050209045,2017,78,0.319931447505951,0.260287940502167,5.27899980545044,0.0574716180562973,0.951484382152557,Kosovo,Europe
359,0.578,2018,66,0.274,0.448,5.662000000000001,0.023,0.855,Kosovo,Europe
360,0.54,2016,77,0.27992,0.14396,5.401,0.06547,0.90145,Kosovo,Europe
361,0.72492,2015,39,0.16228,0.55499,6.295,0.25609,1.5542200000000002,Kuwait,Asia
362,0.8079999999999999,2019,51,0.142,0.493,6.021,0.097,1.5,Kuwait,Asia
363,0.63569,2016,41,0.15965,0.43166,6.239,0.23669,1.61714,Kuwait,Asia
364,0.675,2018,45,0.16699999999999998,0.5539999999999999,6.082999999999998,0.106,1.474,Kuwait,Asia
365,0.6321057081222529,2017,39,0.228289797902107,0.496337592601776,6.10500001907349,0.21515955030918105,1.63295245170593,Kuwait,Asia
366,0.5544899999999999,2016,85,0.38432,0.40212,5.185,0.04762,0.5604399999999999,Kyrgyzstan,Asia
367,0.553457796573639,2017,98,0.42858037352562,0.454943388700485,5.0040001869201705,0.0394391790032387,0.5962200760841371,Kyrgyzstan,Asia
368,0.594,2018,92,0.281,0.54,5.131,0.035,0.53,Kyrgyzstan,Asia
369,0.723,2019,86,0.3,0.508,5.261,0.023,0.551,Kyrgyzstan,Asia
370,0.65088,2015,77,0.3003,0.43477,5.2860000000000005,0.04232,0.47428,Kyrgyzstan,Asia
371,0.441,2018,110,0.23,0.626,4.623,0.174,0.72,Laos,Asia
372,0.551,2019,105,0.266,0.547,4.796,0.16399999999999998,0.764,Laos,Asia
373,0.54909,2015,99,0.42192,0.59591,4.876,0.24249,0.5906600000000001,Laos,Asia
374,0.38291,2016,102,0.43079,0.52168,4.876,0.22423,0.68042,Laos,Asia
375,0.638566970825195,2017,54,0.153074786067009,0.325707912445068,5.849999904632571,0.0738427266478539,1.26074862480164,Latvia,Europe
376,0.6709999999999999,2018,53,0.092,0.363,5.933,0.066,1.148,Latvia,Europe
377,0.72437,2015,89,0.18226,0.29671,5.098,0.06332,1.11312,Latvia,Europe
378,0.812,2019,53,0.075,0.264,5.94,0.064,1.187,Latvia,Europe
379,0.63952,2016,68,0.17445,0.27996,5.56,0.0889,1.21788,Latvia,Europe
380,0.76171,2016,93,0.23693000000000006,0.26228,5.129,0.03061,1.12268,Lebanon,Asia
381,0.815,2019,91,0.166,0.21600000000000005,5.197,0.027000000000000003,0.987,Lebanon,Asia
382,0.7350810766220089,2017,88,0.26445075869560203,0.28851598501205394,5.22499990463257,0.037513829767704,1.07498753070831,Lebanon,Asia
383,0.785,2018,80,0.214,0.503,5.358,0.136,0.965,Lebanon,Asia
384,0.83947,2015,103,0.21854,0.33916,4.839,0.04582,1.02564,Lebanon,Asia
385,0.079,2018,141,0.116,0.423,3.808,0.112,0.472,Lesotho,Africa
386,0.07612000000000001,2015,97,0.16388,0.31767,4.898,0.12504,0.37545,Lesotho,Africa
387,0.168,2019,144,0.107,0.359,3.802,0.093,0.489,Lesotho,Africa
388,0.0,2017,139,0.157497271895409,0.390661299228668,3.80800008773804,0.119094640016556,0.521021246910095,Lesotho,Africa
389,0.267,2018,149,0.206,0.419,3.495,0.03,0.076,Liberia,Africa
390,0.229918196797371,2017,148,0.26654988527298,0.33288118243217496,3.532999992370609,0.0389482490718365,0.119041793048382,Liberia,Africa
391,0.34201,2015,116,0.24362,0.28531,4.5710000000000015,0.062320000000000014,0.0712,Liberia,Africa
392,0.23165,2016,150,0.24063,0.25748000000000004,3.622,0.04852,0.10706,Liberia,Africa
393,0.443,2019,141,0.233,0.37,3.975,0.033,0.073,Liberia,Africa
394,0.52304,2016,67,0.17087,0.40672,5.615,0.10339,1.0668799999999998,Libya,Africa
395,0.6729999999999999,2019,72,0.133,0.416,5.525,0.152,1.044,Libya,Africa
396,0.520169019699097,2017,68,0.15207366645336198,0.465733230113983,5.525000095367429,0.0926102101802826,1.10180306434631,Libya,Africa
397,0.5529999999999999,2018,70,0.116,0.496,5.566,0.14800000000000002,0.985,Libya,Africa
398,0.7038,2015,63,0.18295,0.41668,5.754,0.11023,1.13145,Libya,Africa
399,0.73128,2015,56,0.026410000000000003,0.21342,5.832999999999998,0.01031,1.14723,Lithuania,Europe
400,0.64674,2016,60,0.02025,0.18929,5.813,0.0182,1.2692,Lithuania,Europe
401,0.818,2019,42,0.043,0.29100000000000004,6.149,0.042,1.238,Lithuania,Europe
402,0.716,2018,50,0.026,0.35,5.952000000000001,0.006,1.197,Lithuania,Europe
403,0.62894994020462,2017,52,0.010164656676352,0.234231784939766,5.90199995040894,0.0118656428530812,1.3145823478698702,Lithuania,Europe
404,0.8454200000000001,2016,20,0.27571,0.5487,6.871,0.35329,1.69752,Luxembourg,Europe
405,0.91894,2015,17,0.28034000000000003,0.61583,6.9460000000000015,0.37798,1.56391,Luxembourg,Europe
406,0.845089495182037,2017,18,0.283180981874466,0.59662789106369,6.86299991607666,0.31883442401886,1.74194359779358,Luxembourg,Europe
407,0.8959999999999999,2018,17,0.196,0.632,6.91,0.321,1.5759999999999998,Luxembourg,Europe
408,1.012,2019,14,0.194,0.526,7.09,0.316,1.609,Luxembourg,Europe
409,0.73545,2015,93,0.22359,0.33457,5.007,0.053270000000000005,0.91851,Macedonia,Europe
410,0.691,2018,89,0.173,0.394,5.185,0.052000000000000005,0.959,Macedonia,Europe
411,0.644948184490204,2017,92,0.25376096367836,0.325905978679657,5.1750001907348615,0.0602777935564518,1.06457793712616,Macedonia,Europe
412,0.6473800000000001,2016,95,0.23507,0.27668000000000004,5.121,0.07047,1.0193,Macedonia,Europe
413,0.46721,2015,147,0.21333,0.19184,3.681,0.08123999999999999,0.20824,Madagascar,Africa
414,0.37109,2016,148,0.2204,0.13684000000000002,3.695,0.07506,0.27954,Madagascar,Africa
415,0.402,2018,143,0.155,0.221,3.774,0.049,0.262,Madagascar,Africa
416,0.375223308801651,2017,144,0.208732530474663,0.18919676542282104,3.64400005340576,0.0672319754958153,0.305808693170547,Madagascar,Africa
417,0.555,2019,143,0.16899999999999998,0.14800000000000002,3.933,0.041,0.274,Madagascar,Africa
418,0.306,2018,147,0.21,0.531,3.587,0.08,0.18600000000000005,Malawi,Africa
419,0.29364,2016,132,0.30968,0.4143,4.1560000000000015,0.07564,0.08709,Malawi,Africa
420,0.315089583396912,2017,136,0.28717046976089505,0.466914653778076,3.97000002861023,0.0727116540074348,0.233442038297653,Malawi,Africa
421,0.22562,2015,131,0.33128,0.43054,4.292,0.06977,0.016040000000000002,Malawi,Africa
422,0.495,2019,150,0.218,0.443,3.41,0.08900000000000001,0.191,Malawi,Africa
423,0.618784427642822,2017,42,0.416608929634094,0.4022649824619289,6.08400011062622,0.0656007081270218,1.29121541976929,Malaysia,Asia
424,0.62366,2016,47,0.41474,0.39031,6.005,0.09081,1.25142,Malaysia,Asia
425,0.7239399999999999,2015,61,0.33075,0.5302399999999999,5.77,0.10501,1.12486,Malaysia,Asia
426,0.828,2019,80,0.26,0.508,5.339,0.024,1.221,Malaysia,Asia
427,0.669,2018,35,0.311,0.35600000000000004,6.322,0.059,1.161,Malaysia,Asia
428,0.16936567425727805,2017,127,0.183354198932648,0.306613743305206,4.19000005722046,0.10497024655342098,0.476180493831635,Mali,Africa
429,0.20583,2015,138,0.18798,0.38857,3.995,0.12352,0.26074,Mali,Africa
430,0.308,2019,128,0.153,0.327,4.39,0.052000000000000005,0.385,Mali,Africa
431,0.152,2018,118,0.139,0.3670000000000001,4.447,0.056,0.37,Mali,Africa
432,0.16347,2016,135,0.21064,0.27544,4.073,0.13647,0.31292,Mali,Africa
433,0.884,2018,22,0.376,0.645,6.627000000000002,0.142,1.27,Malta,Europe
434,0.999,2019,22,0.375,0.564,6.726,0.151,1.3,Malta,Europe
435,0.80315,2016,30,0.56237,0.54994,6.488,0.17554,1.30782,Malta,Europe
436,0.821944236755371,2017,27,0.5747305750846861,0.588767051696777,6.52699995040894,0.153066068887711,1.34327983856201,Malta,Europe
437,0.88721,2015,37,0.51752,0.60365,6.3020000000000005,0.13585999999999998,1.2074,Malta,Europe
438,0.35874,2015,124,0.219,0.24232,4.436,0.17461,0.45407,Mauritania,Africa
439,0.489,2019,122,0.106,0.066,4.49,0.08800000000000001,0.57,Mauritania,Africa
440,0.285349279642105,2017,123,0.201870024204254,0.0960980430245399,4.29199981689453,0.136957004666328,0.6484572887420649,Mauritania,Africa
441,0.28639000000000003,2016,130,0.22686,0.1268,4.2010000000000005,0.17955,0.6139100000000001,Mauritania,Africa
442,0.292,2018,126,0.134,0.129,4.356,0.093,0.557,Mauritania,Africa
443,0.66189,2016,66,0.36951,0.46145,5.648,0.052029999999999986,1.14372,Mauritius,Africa
444,0.6380074620246889,2017,64,0.360933750867844,0.491247326135635,5.62900018692017,0.0421815551817417,1.18939554691315,Mauritius,Africa
445,0.7979999999999999,2019,57,0.215,0.498,5.888,0.06,1.12,Mauritius,Africa
446,0.7095,2015,71,0.37744,0.56066,5.477,0.07521,1.00761,Mauritius,Africa
447,0.684,2018,55,0.245,0.584,5.891,0.05,1.09,Mauritius,Africa
448,0.8144399999999999,2015,14,0.14074,0.48181,7.187,0.21312,1.02054,Mexico,North America
449,0.7609999999999999,2018,24,0.069,0.479,6.488,0.095,1.038,Mexico,North America
450,0.861,2019,23,0.07400000000000001,0.433,6.595,0.073,1.07,Mexico,North America
451,0.71143,2016,21,0.11735,0.37709,6.778,0.18355,1.1150799999999998,Mexico,North America
452,0.709978997707367,2017,25,0.120990432798862,0.412730008363724,6.57800006866455,0.132774114608765,1.15318381786346,Mexico,North America
453,0.62,2018,67,0.171,0.232,5.64,0.0,0.657,Moldova,Europe
454,0.7390000000000001,2019,71,0.181,0.245,5.529,0.0,0.685,Moldova,Europe
455,0.61826,2015,52,0.20951,0.32818,5.8889999999999985,0.01615,0.59448,Moldova,Europe
456,0.5894652009010309,2017,56,0.20877912640571605,0.240729048848152,5.837999820709231,0.0100912861526012,0.7288706302642819,Moldova,Europe
457,0.5230899999999999,2016,55,0.19997,0.25202,5.897,0.01903,0.69177,Moldova,Europe
458,0.60268,2015,100,0.3323,0.43626,4.874,0.026660000000000003,0.82819,Mongolia,Asia
459,0.575,2018,94,0.253,0.395,5.125,0.032,0.914,Mongolia,Asia
460,0.557783484458923,2017,100,0.338464230298996,0.3941439688205721,4.95499992370605,0.0329022891819477,1.02723586559296,Mongolia,Asia
461,0.667,2019,83,0.235,0.317,5.285,0.038,0.948,Mongolia,Asia
462,0.55469,2016,101,0.34539000000000003,0.35972,4.907,0.03285,0.98853,Mongolia,Asia
463,0.7290000000000001,2018,81,0.111,0.259,5.347,0.081,1.017,Montenegro,Europe
464,0.871,2019,73,0.142,0.197,5.523,0.08,1.051,Montenegro,Europe
465,0.6674646735191351,2017,83,0.197911024093628,0.194989055395126,5.23699998855591,0.0881741940975189,1.12112903594971,Montenegro,Europe
466,0.6353300000000001,2016,88,0.17190999999999998,0.15111,5.1610000000000005,0.12721,1.07838,Montenegro,Europe
467,0.72521,2015,82,0.1614,0.1826,5.192,0.14296,0.97438,Montenegro,Europe
468,0.669,2018,85,0.026,0.46,5.254,0.07400000000000001,0.779,Morocco,Africa
469,0.60954,2015,92,0.07172,0.4169100000000001,5.013,0.08546000000000001,0.7347899999999999,Morocco,Africa
470,0.59771066904068,2017,84,0.0322099551558495,0.408158332109451,5.2350001335144,0.0877631828188896,0.8781145811080929,Morocco,Africa
471,0.782,2019,89,0.036000000000000004,0.418,5.207999999999998,0.076,0.8009999999999999,Morocco,Africa
472,0.5947100000000001,2016,90,0.04053,0.25646,5.151,0.08404,0.8405799999999999,Morocco,Africa
473,0.106654435396194,2017,113,0.322228103876114,0.480791091918945,4.5500001907348615,0.17943638563156106,0.234305649995804,Mozambique,Africa
474,0.39,2019,123,0.197,0.494,4.466,0.138,0.204,Mozambique,Africa
475,0.173,2018,123,0.206,0.531,4.417,0.158,0.198,Mozambique,Africa
476,0.09131,2015,94,0.22269,0.34037,4.971,0.15603,0.08308,Mozambique,Africa
477,0.3988,2016,119,0.81971,0.42692,4.395,0.20243,0.34112,Myanmar,Asia
478,0.555,2019,131,0.5660000000000001,0.525,4.36,0.172,0.71,Myanmar,Asia
479,0.429,2018,130,0.598,0.58,4.308,0.17800000000000002,0.682,Myanmar,Asia
480,0.4824600000000001,2015,129,0.79588,0.44017,4.307,0.19034,0.27108000000000004,Myanmar,Asia
481,0.397522568702698,2017,114,0.8380751609802249,0.514492034912109,4.54500007629395,0.188816204667091,0.36711055040359497,Myanmar,Asia
482,0.477,2019,113,0.07,0.401,4.6389999999999985,0.056,0.879,Namibia,Africa
483,0.34745,2016,113,0.07795,0.48614,4.574,0.10398,0.93287,Namibia,Africa
484,0.33861181139946,2017,111,0.0771337449550629,0.520303547382355,4.57399988174438,0.0931469723582268,0.964434325695038,Namibia,Africa
485,0.365,2018,119,0.051,0.519,4.441,0.064,0.8740000000000001,Namibia,Africa
486,0.539,2018,101,0.302,0.526,4.88,0.078,0.425,Nepal,Asia
487,0.5687399999999999,2015,121,0.32296,0.38282,4.5139999999999985,0.05907,0.35997,Nepal,Asia
488,0.677,2019,100,0.285,0.439,4.913,0.08900000000000001,0.446,Nepal,Asia
489,0.50073,2016,107,0.3816,0.37012,4.793,0.07007999999999999,0.4462600000000001,Nepal,Asia
490,0.504130780696869,2017,99,0.3940961658954621,0.4403059482574461,4.961999893188481,0.0729755461215973,0.479820191860199,Nepal,Asia
491,0.8123100000000001,2016,7,0.47416,0.55211,7.338999999999999,0.29927,1.46468,Netherlands,Europe
492,0.999,2019,5,0.322,0.557,7.487999999999999,0.298,1.396,Netherlands,Europe
493,0.8106961250305179,2017,6,0.470489829778671,0.5853844881057739,7.3769998550415,0.282661825418472,1.50394463539124,Netherlands,Europe
494,0.878,2018,6,0.333,0.638,7.441,0.295,1.361,Netherlands,Europe
495,0.89284,2015,7,0.4761,0.6157600000000001,7.377999999999999,0.31814000000000003,1.32944,Netherlands,Europe
496,0.83096,2016,8,0.4940100000000001,0.5814699999999999,7.334,0.41904,1.36066,New Zealand,Australia
497,1.026,2019,8,0.33,0.585,7.307,0.38,1.3030000000000002,New Zealand,Australia
498,0.816759705543518,2017,8,0.500005125999451,0.6140621304512021,7.31400012969971,0.38281670212745705,1.40570604801178,New Zealand,Australia
499,0.90837,2015,9,0.47501,0.6393800000000001,7.286,0.42922,1.2501799999999998,New Zealand,Australia
500,0.8759999999999999,2018,8,0.365,0.669,7.324,0.389,1.268,New Zealand,Australia
501,0.6530959606170649,2017,43,0.301674216985703,0.447551846504211,6.07100009918213,0.130687981843948,0.737299203872681,Nicaragua,North America
502,0.65213,2016,48,0.29773,0.46582,5.992000000000001,0.16292,0.69384,Nicaragua,North America
503,0.835,2019,45,0.2,0.435,6.105,0.127,0.6940000000000001,Nicaragua,North America
504,0.7,2018,41,0.208,0.527,6.141,0.128,0.6679999999999999,Nicaragua,North America
505,0.7431399999999999,2015,57,0.27815,0.55475,5.8279999999999985,0.19317,0.59325,Nicaragua,North America
506,0.221,2018,134,0.175,0.39,4.166,0.099,0.131,Niger,Africa
507,0.26850500702858,2017,135,0.228673845529556,0.36365869641304,4.02799987792969,0.13857294619083402,0.16192533075809498,Niger,Africa
508,0.366,2019,114,0.188,0.318,4.628,0.102,0.138,Niger,Africa
509,0.26162,2016,142,0.2097,0.38041,3.856,0.17176,0.1327,Niger,Africa
510,0.29707,2015,144,0.19387,0.47692,3.845,0.15639,0.0694,Niger,Africa
511,0.0569157302379608,2017,95,0.230947196483612,0.394952565431595,5.07399988174438,0.0261215660721064,0.783756256103516,Nigeria,Africa
512,0.05108,2016,103,0.23219,0.27854,4.875,0.0305,0.75216,Nigeria,Africa
513,0.048,2018,91,0.201,0.462,5.155,0.032,0.6890000000000001,Nigeria,Africa
514,0.16007000000000002,2015,78,0.27233,0.34334000000000003,5.268,0.0403,0.65435,Nigeria,Africa
515,0.245,2019,85,0.215,0.426,5.265,0.041,0.696,Nigeria,Africa
516,0.834647238254547,2017,61,0.266845703125,0.471203625202179,5.80999994277954,0.155353352427483,1.3469113111496,North Cyprus,Europe
517,0.8414200000000001,2016,62,0.26322,0.43596,5.771,0.16577999999999998,1.31141,North Cyprus,Europe
518,0.92356,2015,66,0.26169000000000003,0.49027,5.695,0.1428,1.20806,North Cyprus,Europe
519,0.838,2019,84,0.185,0.345,5.274,0.034,0.983,North Macedonia,Europe
520,1.042,2019,64,0.191,0.417,5.718,0.162,1.263,Northern Cyprus,Europe
521,0.909,2018,58,0.179,0.495,5.835,0.154,1.229,Northern Cyprus,Europe
522,0.861,2018,2,0.28600000000000003,0.6859999999999999,7.5939999999999985,0.34,1.456,Norway,Europe
523,1.028,2019,3,0.271,0.603,7.5539999999999985,0.341,1.4880000000000002,Norway,Europe
524,0.79579,2016,4,0.37895,0.59609,7.497999999999998,0.35776,1.57744,Norway,Europe
525,0.796666502952576,2017,1,0.36201223731041,0.635422587394714,7.537000179290769,0.31596383452415505,1.61646318435669,Norway,Europe
526,0.88521,2015,4,0.34699,0.66973,7.522,0.36503,1.459,Norway,Europe
527,0.76276,2015,22,0.21542,0.63274,6.853,0.32524000000000003,1.36011,Oman,Asia
528,0.51466,2015,81,0.33671,0.12102,5.194,0.10464,0.59543,Pakistan,Asia
529,0.424,2018,75,0.21600000000000005,0.334,5.472,0.113,0.652,Pakistan,Asia
530,0.40306,2016,92,0.31185,0.14622000000000002,5.1320000000000014,0.1388,0.68816,Pakistan,Asia
531,0.535,2019,67,0.22,0.313,5.653,0.098,0.677,Pakistan,Asia
532,0.402047783136368,2017,80,0.3154460191726681,0.23521526157856,5.26900005340576,0.124348066747189,0.7268835306167599,Pakistan,Asia
533,0.672,2019,110,0.103,0.225,4.6960000000000015,0.066,0.657,Palestinian Territories,Asia
534,0.56844,2016,108,0.11154,0.17744,4.754,0.10613,0.67024,Palestinian Territories,Asia
535,0.602,2018,104,0.086,0.266,4.743,0.076,0.642,Palestinian Territories,Asia
536,0.66015,2015,108,0.11251,0.24499,4.715,0.12905,0.59867,Palestinian Territories,Asia
537,0.565666973590851,2017,103,0.114173173904419,0.25471106171608,4.77500009536743,0.0892826020717621,0.716249227523804,Palestinian Territories,Asia
538,0.70835,2016,25,0.2418,0.48927,6.7010000000000005,0.08423,1.18306,Panama,North America
539,0.91,2019,31,0.109,0.516,6.3210000000000015,0.054000000000000006,1.149,Panama,North America
540,0.706156134605408,2017,30,0.21055693924427,0.550026834011078,6.4520001411438,0.070983923971653,1.23374843597412,Panama,North America
541,0.759,2018,27,0.125,0.597,6.43,0.063,1.112,Panama,North America
542,0.79661,2015,25,0.24434,0.5421,6.7860000000000005,0.0927,1.06353,Panama,North America
543,0.66098,2015,53,0.3424,0.53899,5.877999999999999,0.08242000000000001,0.75985,Paraguay,South America
544,0.777,2019,63,0.184,0.514,5.7429999999999986,0.08,0.855,Paraguay,South America
545,0.579250693321228,2017,70,0.224150657653809,0.473507791757584,5.493000030517581,0.091065913438797,0.932537317276001,Paraguay,South America
546,0.615,2018,64,0.162,0.541,5.681,0.07400000000000001,0.835,Paraguay,South America
547,0.58295,2016,70,0.25296,0.46235,5.5379999999999985,0.07396,0.8937299999999999,Paraguay,South America
548,0.73017,2015,58,0.14982,0.4149600000000001,5.824,0.05989,0.9001899999999999,Peru,South America
549,0.8540000000000001,2019,65,0.083,0.455,5.697,0.027000000000000003,0.96,Peru,South America
550,0.6301661133766171,2017,63,0.126819714903831,0.4500028789043429,5.71500015258789,0.0470490865409374,1.03522527217865,Peru,South America
551,0.6299399999999999,2016,64,0.14527,0.37502,5.7429999999999986,0.05292,0.99602,Peru,South America
552,0.674,2018,65,0.092,0.53,5.6629999999999985,0.034,0.934,Peru,South America
553,0.657,2019,69,0.117,0.5579999999999999,5.631,0.107,0.807,Philippines,Asia
554,0.4703600000000001,2016,82,0.21674,0.5485399999999999,5.279,0.11757,0.81217,Philippines,Asia
555,0.468009054660797,2017,72,0.193513423204422,0.585214674472809,5.42999982833862,0.0993318930268288,0.85769921541214,Philippines,Asia
556,0.513,2018,71,0.12,0.643,5.524,0.105,0.775,Philippines,Asia
557,0.58114,2015,90,0.24991,0.62545,5.073,0.12279,0.70532,Philippines,Asia
558,0.7809999999999999,2018,42,0.108,0.546,6.122999999999998,0.064,1.176,Poland,Europe
559,0.77903,2015,60,0.16759000000000002,0.53122,5.791,0.04212,1.12555,Poland,Europe
560,0.69058,2016,57,0.14443,0.4519,5.835,0.055,1.24585,Poland,Europe
561,0.884,2019,40,0.117,0.483,6.182,0.05,1.206,Poland,Europe
562,0.699475347995758,2017,46,0.158465966582298,0.520342111587524,5.97300004959106,0.0593078061938286,1.29178786277771,Poland,Europe
563,0.999,2019,66,0.047,0.508,5.693,0.025,1.221,Portugal,Europe
564,0.795843541622162,2017,89,0.0951027125120163,0.498465299606323,5.19500017166138,0.0158694516867399,1.3151752948761002,Portugal,Europe
565,0.8751899999999999,2015,88,0.13719,0.51469,5.102,0.01078,1.15991,Portugal,Europe
566,0.7936300000000001,2016,94,0.11691,0.44727,5.122999999999998,0.01521,1.27607,Portugal,Europe
567,0.884,2018,77,0.055,0.562,5.41,0.017,1.188,Portugal,Europe
568,0.77758,2016,15,0.22202,0.46823,7.039,0.12275,1.35943,Puerto Rico,North America
569,0.79733,2015,28,0.32573,0.6404,6.6110000000000015,0.52208,1.69042,Qatar,Asia
570,0.748,2018,32,0.256,0.654,6.374,0.171,1.649,Qatar,Asia
571,0.871,2019,29,0.22,0.555,6.374,0.16699999999999998,1.6840000000000002,Qatar,Asia
572,0.71723,2016,36,0.32388,0.56679,6.375,0.48049,1.82427,Qatar,Asia
573,0.7100980877876278,2017,35,0.33047387003898604,0.604130983352661,6.375,0.4392992556095121,1.87076568603516,Qatar,Asia
574,0.6851583123207089,2017,57,0.133519917726517,0.457003742456436,5.824999809265139,0.004387900698930029,1.21768391132355,Romania,Europe
575,0.825,2019,48,0.083,0.462,6.07,0.005,1.162,Romania,Europe
576,0.67602,2016,71,0.12889,0.36712,5.528,0.006790000000000001,1.1697,Romania,Europe
577,0.726,2018,52,0.08800000000000001,0.528,5.945,0.001,1.116,Romania,Europe
578,0.7689,2015,86,0.13748,0.35068,5.124,0.006490000000000001,1.04345,Romania,Europe
579,0.547349333763123,2017,49,0.0522638224065304,0.373783111572266,5.962999820709231,0.0329628810286522,1.28177809715271,Russia,Europe
580,0.726,2019,68,0.08199999999999999,0.334,5.648,0.031,1.183,Russia,Europe
581,0.599,2018,59,0.065,0.399,5.81,0.025,1.151,Russia,Europe
582,0.6692600000000001,2015,64,0.00199,0.36679,5.716,0.03005,1.13764,Russia,Europe
583,0.58991,2016,56,0.02736,0.32682,5.856,0.03586,1.2322799999999998,Russia,Europe
584,0.31865,2016,152,0.23552,0.5432,3.515,0.50521,0.32846,Rwanda,Africa
585,0.4,2018,151,0.2,0.636,3.408,0.444,0.332,Rwanda,Africa
586,0.326424807310104,2017,151,0.2527560293674469,0.5818438529968261,3.47099995613098,0.455220013856888,0.368745893239975,Rwanda,Africa
587,0.614,2019,152,0.217,0.555,3.334,0.411,0.359,Rwanda,Africa
588,0.42864,2015,154,0.22628,0.59201,3.465,0.55191,0.22208000000000006,Rwanda,Africa
589,0.59267,2016,34,0.15457,0.37904,6.379,0.30008,1.48953,Saudi Arabia,Asia
590,0.795,2019,28,0.08,0.439,6.375,0.132,1.403,Saudi Arabia,Asia
591,0.72025,2015,35,0.13706,0.31048000000000003,6.4110000000000005,0.32524000000000003,1.39541,Saudi Arabia,Asia
592,0.590148329734802,2017,37,0.147616013884544,0.449750572443008,6.343999862670901,0.27343225479126004,1.53062355518341,Saudi Arabia,Asia
593,0.633,2018,33,0.098,0.509,6.371,0.127,1.379,Saudi Arabia,Asia
594,0.4354,2015,142,0.20843000000000006,0.36772,3.904,0.10713,0.36498,Senegal,Africa
595,0.5710000000000001,2019,111,0.153,0.292,4.681,0.07200000000000001,0.45,Senegal,Africa
596,0.433,2018,109,0.138,0.406,4.631,0.08199999999999999,0.429,Senegal,Africa
597,0.409362852573395,2017,115,0.183468893170357,0.37792226672172496,4.53499984741211,0.115460447967052,0.479309022426605,Senegal,Africa
598,0.40457,2016,128,0.19103,0.31056,4.2189999999999985,0.11681,0.44314,Senegal,Africa
599,0.65078467130661,2017,73,0.22012588381767295,0.20871552824974104,5.39499998092651,0.0409037806093693,1.06931757926941,Serbia,Europe
600,0.6458,2016,86,0.20737,0.15718,5.1770000000000005,0.04339,1.03437,Serbia,Europe
601,0.74836,2015,87,0.19231,0.20107,5.122999999999998,0.02617,0.92053,Serbia,Europe
602,0.685,2018,78,0.134,0.28800000000000003,5.398,0.043,0.975,Serbia,Europe
603,0.8540000000000001,2019,70,0.13699999999999998,0.282,5.603,0.039,1.004,Serbia,Europe
604,0.005564753897488121,2017,106,0.293040901422501,0.318697690963745,4.70900011062622,0.0710951760411263,0.36842092871666,Sierra Leone,Africa
605,0.0,2016,111,0.23897,0.30685,4.635,0.08196,0.36485,Sierra Leone,Africa
606,0.0,2015,123,0.21488,0.4084,4.507,0.08786000000000001,0.33024000000000003,Sierra Leone,Africa
607,0.242,2019,129,0.252,0.309,4.374,0.045,0.268,Sierra Leone,Africa
608,0.0,2018,113,0.238,0.355,4.5710000000000015,0.053,0.256,Sierra Leone,Africa
609,1.008,2018,34,0.261,0.631,6.343,0.457,1.529,Singapore,Asia
610,0.9494923949241642,2017,26,0.345965981483459,0.549840569496155,6.57200002670288,0.46430778503418,1.69227766990662,Singapore,Asia
611,1.02525,2015,24,0.31105,0.54252,6.797999999999999,0.4921,1.52186,Singapore,Asia
612,1.141,2019,34,0.271,0.556,6.2620000000000005,0.453,1.5719999999999998,Singapore,Asia
613,0.94719,2016,22,0.32706,0.4877,6.739,0.46987,1.64555,Singapore,Asia
614,0.8809999999999999,2019,38,0.121,0.334,6.198,0.014,1.246,Slovakia,Europe
615,0.7890199999999999,2015,45,0.16893,0.31751,5.995,0.03431,1.16891,Slovakia,Europe
616,0.712732911109924,2017,40,0.136544480919838,0.295817464590073,6.09800004959106,0.0242108516395092,1.32539355754852,Slovakia,Europe
617,0.70367,2016,45,0.13837,0.23391,6.0779999999999985,0.02947,1.27973,Slovakia,Europe
618,0.7759999999999999,2018,39,0.118,0.354,6.172999999999999,0.014,1.21,Slovakia,Europe
619,0.79151,2016,63,0.25738,0.53164,5.768,0.03635,1.29947,Slovenia,Europe
620,0.7908282279968258,2017,62,0.242649093270302,0.572575807571411,5.75799989700317,0.0451289787888527,1.3412059545517,Slovenia,Europe
621,0.8733700000000001,2015,55,0.25328,0.60855,5.848,0.03787,1.18498,Slovenia,Europe
622,0.953,2019,44,0.14400000000000002,0.564,6.1179999999999986,0.057,1.258,Slovenia,Europe
623,0.856,2018,51,0.16,0.633,5.948,0.051,1.219,Slovenia,Europe
624,0.268,2019,112,0.243,0.5589999999999999,4.668,0.27,0.0,Somalia,Africa
625,0.11465999999999997,2016,76,0.27225,0.5677800000000001,5.44,0.3118,0.0,Somalia,Africa
626,0.115,2018,98,0.238,0.674,4.982,0.282,0.0,Somalia,Africa
627,0.113989137113094,2017,93,0.291631311178207,0.602126955986023,5.151000022888179,0.28241032361984303,0.0226431842893362,Somalia,Africa
628,0.33108000000000004,2016,97,0.51479,0.3913,5.057,0.36794,0.25558000000000003,Somaliland Region,Africa
629,0.43873,2015,91,0.5031800000000001,0.46582,5.057,0.39928,0.18847,Somaliland region,Africa
630,0.27688,2015,113,0.11973,0.33207,4.642,0.08884,0.92049,South Africa,Africa
631,0.18708007037639604,2017,101,0.13936237990856198,0.479246735572815,4.8289999961853,0.0725094974040985,1.05469870567322,South Africa,Africa
632,0.18611,2016,116,0.13656,0.42483,4.459,0.08415,1.02416,South Africa,Africa
633,0.469,2019,106,0.13,0.389,4.722,0.055,0.96,South Africa,Africa
634,0.33,2018,105,0.103,0.516,4.724,0.056,0.94,South Africa,Africa
635,0.955,2018,57,0.175,0.244,5.875,0.051,1.266,South Korea,Asia
636,0.88645,2016,57,0.18824,0.25168,5.835,0.07716,1.35948,South Korea,Asia
637,0.96538,2015,47,0.18557,0.33208000000000004,5.984,0.07857,1.24461,South Korea,Asia
638,1.036,2019,54,0.175,0.159,5.895,0.056,1.301,South Korea,Asia
639,0.900214076042175,2017,55,0.206674367189407,0.257921665906906,5.837999820709231,0.0632826685905457,1.40167844295502,South Korea,Asia
640,0.295,2019,156,0.202,0.01,2.853,0.091,0.306,South Sudan,Africa
641,0.163486003875732,2017,147,0.285670816898346,0.147062435746193,3.5910000801086404,0.116793513298035,0.39724862575531,South Sudan,Africa
642,0.177,2018,154,0.224,0.112,3.254,0.106,0.337,South Sudan,Africa
643,0.15780999999999998,2016,143,0.25899,0.19662,3.832,0.13015,0.39394,South Sudan,Africa
644,1.062,2019,30,0.153,0.362,6.354,0.079,1.286,Spain,Europe
645,0.888960599899292,2017,34,0.190133571624756,0.408781230449677,6.40299987792969,0.0709140971302986,1.38439786434174,Spain,Europe
646,0.8789600000000001,2016,37,0.17665,0.37545,6.3610000000000015,0.061370000000000015,1.34253,Spain,Europe
647,0.965,2018,36,0.142,0.449,6.31,0.07400000000000001,1.251,Spain,Europe
648,0.95562,2015,36,0.18227,0.45951,6.329,0.06398,1.23011,Spain,Europe
649,0.62007,2016,117,0.46978,0.50817,4.415,0.07964,0.97318,Sri Lanka,Asia
650,0.70806,2015,132,0.40828,0.5372600000000001,4.271,0.09179,0.83524,Sri Lanka,Asia
651,0.625130832195282,2017,120,0.490863561630249,0.561213254928589,4.44000005722046,0.0736539661884308,1.00985014438629,Sri Lanka,Asia
652,0.672,2018,116,0.307,0.585,4.471,0.05,0.918,Sri Lanka,Asia
653,0.831,2019,130,0.244,0.47,4.3660000000000005,0.047,0.949,Sri Lanka,Asia
654,0.36878,2015,118,0.19062,0.10081,4.55,0.1466,0.52107,Sudan,Africa
655,0.290920823812485,2017,130,0.182317450642586,0.0149958552792668,4.138999938964839,0.089847519993782,0.6595166921615601,Sudan,Africa
656,0.312,2018,137,0.134,0.016,4.1389999999999985,0.08199999999999999,0.605,Sudan,Africa
657,0.29759,2016,133,0.18077,0.0,4.1389999999999985,0.10039,0.63069,Sudan,Africa
658,0.6082,2015,40,0.16990999999999998,0.5965699999999999,6.269,0.13633,0.99534,Suriname,South America
659,0.5093300000000001,2016,40,0.16665,0.5223399999999999,6.269,0.12692,1.09686,Suriname,South America
660,0.07566,2015,101,0.18259,0.30658,4.867,0.0306,0.71206,Swaziland,Africa
661,0.0,2019,135,0.07400000000000001,0.313,4.212,0.135,0.8109999999999999,Swaziland,Africa
662,0.830875158309937,2017,9,0.38539925217628496,0.612924098968506,7.28399991989136,0.384398728609085,1.49438726902008,Sweden,Europe
663,0.83121,2016,10,0.38254,0.58218,7.291,0.40867,1.45181,Sweden,Europe
664,0.91087,2015,8,0.36262,0.6598,7.364,0.43844,1.33171,Sweden,Europe
665,0.913,2018,9,0.285,0.659,7.314,0.383,1.355,Sweden,Europe
666,1.009,2019,7,0.267,0.574,7.343,0.373,1.3869999999999998,Sweden,Europe
667,0.858131289482117,2017,4,0.29054927825927696,0.620070576667786,7.49399995803833,0.3670072853565221,1.5649795532226598,Switzerland,Europe
668,0.86303,2016,2,0.28083,0.58557,7.508999999999999,0.41203,1.52733,Switzerland,Europe
669,0.927,2018,5,0.256,0.66,7.487,0.35700000000000004,1.42,Switzerland,Europe
670,0.94143,2015,1,0.29678000000000004,0.66557,7.5870000000000015,0.41978,1.39651,Switzerland,Europe
671,1.052,2019,6,0.263,0.5720000000000001,7.48,0.343,1.452,Switzerland,Europe
672,0.539,2018,150,0.376,0.08800000000000001,3.462,0.14400000000000002,0.6890000000000001,Syria,Asia
673,0.44,2019,149,0.331,0.013,3.462,0.141,0.619,Syria,Asia
674,0.6299399999999999,2016,156,0.48397,0.06912,3.069,0.17232999999999998,0.7471899999999999,Syria,Asia
675,0.7219300000000001,2015,156,0.47179,0.15684,3.006,0.18906,0.6632,Syria,Asia
676,0.5005333423614501,2017,152,0.493663728237152,0.0815394446253777,3.46199989318848,0.15134713053703305,0.777153134346008,Syria,Asia
677,0.857,2018,26,0.151,0.418,6.441,0.078,1.365,Taiwan,Asia
678,0.79565,2016,34,0.25495,0.32377,6.379,0.0663,1.39729,Taiwan,Asia
679,0.914,2019,25,0.242,0.35100000000000003,6.4460000000000015,0.097,1.368,Taiwan,Asia
680,0.8753,2015,38,0.25376,0.3974,6.297999999999999,0.08129,1.29098,Taiwan,Asia
681,0.793984234333038,2017,33,0.258360475301743,0.361466586589813,6.42199993133545,0.0638292357325554,1.4336265325546298,Taiwan Province of China,Asia
682,0.5737899999999999,2015,106,0.22974,0.47216,4.7860000000000005,0.15072,0.39047,Tajikistan,Asia
683,0.5311899999999999,2016,100,0.25998000000000004,0.43408,4.996,0.13509000000000002,0.48835,Tajikistan,Asia
684,0.5292351245880129,2017,96,0.24899764358997306,0.471566706895828,5.04099988937378,0.14637714624404902,0.524713635444641,Tajikistan,Asia
685,0.598,2018,88,0.187,0.292,5.199,0.034,0.474,Tajikistan,Asia
686,0.718,2019,74,0.23,0.389,5.4670000000000005,0.14400000000000002,0.493,Tajikistan,Asia
687,0.38215,2015,146,0.34377,0.32878,3.781,0.057470000000000014,0.2852,Tanzania,Africa
688,0.35700000000000004,2016,149,0.31472,0.3176,3.666,0.05099,0.47155,Tanzania,Africa
689,0.364509284496307,2017,153,0.354256361722946,0.390017777681351,3.34899997711182,0.0660351067781448,0.511135876178741,Tanzania,Africa
690,0.499,2019,153,0.276,0.417,3.2310000000000003,0.147,0.476,Tanzania,Africa
691,0.381,2018,153,0.27,0.481,3.303,0.097,0.455,Tanzania,Africa
692,0.7070000000000001,2018,46,0.364,0.637,6.072,0.029,1.016,Thailand,Asia
693,0.7385,2015,34,0.5763,0.5566399999999999,6.455,0.03187,0.9669,Thailand,Asia
694,0.64915,2016,33,0.58696,0.49553,6.474,0.02833,1.0893,Thailand,Asia
695,0.828,2019,52,0.359,0.557,6.007999999999999,0.028,1.05,Thailand,Asia
696,0.647239029407501,2017,32,0.572123110294342,0.580200731754303,6.423999786376951,0.0316127352416515,1.12786877155304,Thailand,Asia
697,0.24811,2016,155,0.17517,0.34678000000000003,3.303,0.11587,0.28123000000000004,Togo,Africa
698,0.253,2018,139,0.158,0.434,3.999,0.101,0.259,Togo,Africa
699,0.28443,2015,158,0.16681,0.36453,2.839,0.10731,0.20868,Togo,Africa
700,0.247105568647385,2017,150,0.19689615070819896,0.38042613863945,3.4949998855590803,0.0956650152802467,0.3054447174072269,Togo,Africa
701,0.41,2019,139,0.177,0.293,4.085,0.085,0.275,Togo,Africa
702,0.713,2019,39,0.185,0.489,6.192,0.016,1.231,Trinidad & Tobago,South America
703,0.564,2018,38,0.171,0.575,6.192,0.019,1.223,Trinidad & Tobago,South America
704,0.5199832916259771,2017,38,0.32529646158218395,0.518630743026733,6.1680002212524405,0.00896481610834599,1.36135590076447,Trinidad and Tobago,South America
705,0.61483,2015,41,0.31844,0.55884,6.167999999999998,0.0114,1.21183,Trinidad and Tobago,South America
706,0.52608,2016,43,0.31935,0.48453,6.167999999999998,0.01241,1.32572,Trinidad and Tobago,South America
707,0.815,2019,124,0.059,0.16699999999999998,4.461,0.055,0.921,Tunisia,Africa
708,0.69,2018,111,0.04,0.271,4.592,0.063,0.9,Tunisia,Africa
709,0.73793,2015,107,0.06431,0.26268,4.739,0.06358,0.88113,Tunisia,Africa
710,0.59577,2016,98,0.03936,0.23553,5.045,0.0817,0.97724,Tunisia,Africa
711,0.613212049007416,2017,102,0.0496933571994305,0.289680689573288,4.80499982833862,0.0867231488227844,1.00726580619812,Tunisia,Africa
712,0.64718,2016,78,0.04707,0.23889,5.3889999999999985,0.12348,1.1649200000000002,Turkey,Asia
713,0.73172,2015,76,0.12253,0.22815,5.332000000000002,0.15746,1.06098,Turkey,Asia
714,0.6859999999999999,2018,74,0.106,0.324,5.483,0.109,1.148,Turkey,Asia
715,0.8079999999999999,2019,79,0.083,0.195,5.372999999999998,0.106,1.183,Turkey,Asia
716,0.6376056075096129,2017,69,0.0466930419206619,0.300740599632263,5.5,0.0996715798974037,1.1982743740081798,Turkey,Asia
717,0.53886,2015,70,0.16979,0.4761,5.547999999999999,0.30844,0.95847,Turkmenistan,Asia
718,0.4400600000000001,2016,65,0.22567,0.37408,5.658,0.28467,1.08017,Turkmenistan,Asia
719,0.437726080417633,2017,59,0.24992498755455,0.41827192902565,5.82200002670288,0.2592703402042389,1.1307767629623402,Turkmenistan,Asia
720,0.517,2018,68,0.199,0.417,5.636,0.037000000000000005,1.016,Turkmenistan,Asia
721,0.657,2019,87,0.244,0.394,5.247000000000001,0.028,1.052,Turkmenistan,Asia
722,0.33861,2015,141,0.29066,0.45727,3.931,0.07267,0.21102,Uganda,Africa
723,0.237,2018,135,0.259,0.45,4.1610000000000005,0.061,0.322,Uganda,Africa
724,0.21763260662555706,2017,133,0.32576605677604703,0.443185955286026,4.08099985122681,0.057069718837738,0.381430715322495,Uganda,Africa
725,0.443,2019,136,0.252,0.35600000000000004,4.189,0.06,0.332,Uganda,Africa
726,0.19625,2016,145,0.27102,0.43653,3.739,0.06442,0.34719,Uganda,Africa
727,0.6739,2015,111,0.15275,0.25123,4.681,0.02961,0.79907,Ukraine,Europe
728,0.7390000000000001,2019,133,0.187,0.17800000000000002,4.332,0.01,0.82,Ukraine,Europe
729,0.609,2018,138,0.187,0.163,4.103,0.011,0.7929999999999999,Ukraine,Europe
730,0.575903952121735,2017,132,0.270061463117599,0.122974775731564,4.09600019454956,0.0230294708162546,0.89465194940567,Ukraine,Europe
731,0.58628,2016,123,0.20363,0.12859,4.324,0.01829,0.87287,Ukraine,Europe
732,0.67,2018,20,0.18600000000000005,0.284,6.774,,2.096,United Arab Emirates,Asia
733,0.726798236370087,2017,21,0.3609419465065,0.60834527015686,6.6479997634887695,0.324489563703537,1.6263433694839498,United Arab Emirates,Asia
734,0.72993,2016,28,0.26591,0.56215,6.573,0.35561,1.57352,United Arab Emirates,Asia
735,0.80925,2015,20,0.26428,0.64157,6.901,0.38583,1.42727,United Arab Emirates,Asia
736,0.825,2019,21,0.262,0.598,6.825,0.182,1.503,United Arab Emirates,Asia
737,0.996,2019,15,0.348,0.45,7.0539999999999985,0.278,1.3330000000000002,United Kingdom,Europe
738,0.80991,2016,23,0.50156,0.50036,6.725,0.27399,1.40283,United Kingdom,Europe
739,0.805335938930511,2017,19,0.492774158716202,0.508190035820007,6.71400022506714,0.265428066253662,1.44163393974304,United Kingdom,Europe
740,0.888,2018,11,0.262,0.464,7.19,0.08199999999999999,1.244,United Kingdom,Europe
741,0.90943,2015,21,0.51912,0.59625,6.867000000000001,0.32067,1.26637,United Kingdom,Europe
742,0.86179,2015,15,0.40105,0.54604,7.119,0.1589,1.39451,United States,North America
743,0.779,2016,13,0.41077,0.48163,7.104,0.14868,1.50796,United States,North America
744,0.7742866277694699,2017,14,0.392578780651093,0.505740523338318,6.993000030517581,0.135638788342476,1.54625928401947,United States,North America
745,0.8740000000000001,2019,19,0.28,0.454,6.892,0.128,1.433,United States,North America
746,0.8190000000000001,2018,18,0.29100000000000004,0.547,6.886,0.133,1.398,United States,North America
747,0.8116,2015,32,0.2324,0.6036199999999999,6.485,0.24558,1.06166,Uruguay,South America
748,0.7709999999999999,2018,31,0.13,0.625,6.379,0.155,1.093,Uruguay,South America
749,0.719216823577881,2017,28,0.175096929073334,0.5793922543525699,6.4539999961853,0.17806187272071802,1.21755969524384,Uruguay,South America
750,0.72183,2016,29,0.18056,0.54388,6.545,0.21394,1.18157,Uruguay,South America
751,0.8909999999999999,2019,33,0.127,0.523,6.292999999999998,0.15,1.124,Uruguay,South America
752,0.59772,2015,44,0.22837,0.6582100000000001,6.002999999999999,0.30826,0.63244,Uzbekistan,Asia
753,0.498272627592087,2017,47,0.415983647108078,0.6582486629486078,5.97100019454956,0.246528223156929,0.786441087722778,Uzbekistan,Asia
754,0.50163,2016,49,0.34326,0.60848,5.987,0.28333,0.7359100000000001,Uzbekistan,Asia
755,0.605,2018,44,0.328,0.7240000000000001,6.096,0.259,0.7190000000000001,Uzbekistan,Asia
756,0.7559999999999999,2019,41,0.322,0.631,6.174,0.24,0.745,Uzbekistan,Asia
757,0.617144227027893,2017,82,0.0650196298956871,0.15399712324142498,5.25,0.0644911229610443,1.12843120098114,Venezuela,South America
758,0.7205199999999999,2015,23,0.05841,0.42908,6.81,0.11069,1.04424,Venezuela,South America
759,0.6190399999999999,2016,44,0.0425,0.19847,6.084,0.08304,1.1336700000000002,Venezuela,South America
760,0.805,2019,108,0.064,0.154,4.707,0.047,0.96,Venezuela,South America
761,0.657,2018,102,0.056,0.133,4.806,0.052000000000000005,0.996,Venezuela,South America
762,0.66157,2016,96,0.25075,0.5595399999999999,5.061,0.11556,0.74037,Vietnam,Asia
763,0.851,2019,94,0.147,0.5429999999999999,5.175,0.073,0.741,Vietnam,Asia
764,0.7020000000000001,2018,95,0.177,0.618,5.103,0.079,0.715,Vietnam,Asia
765,0.7467600000000001,2015,75,0.1686,0.59444,5.36,0.10441,0.63216,Vietnam,Asia
766,0.6521689891815191,2017,94,0.234968051314354,0.571055591106415,5.07399988174438,0.0876332372426987,0.7885475754737851,Vietnam,Asia
767,0.310080915689468,2017,146,0.104125209152699,0.24946372210979506,3.59299993515015,0.0567674227058887,0.5916834473609921,Yemen,Asia
768,0.40064,2015,136,0.09131,0.35571,4.077,0.07854,0.5464899999999999,Yemen,Asia
769,0.343,2018,152,0.083,0.244,3.355,0.064,0.442,Yemen,Asia
770,0.31048000000000003,2016,147,0.09821,0.2287,3.724,0.058920000000000014,0.57939,Yemen,Asia
771,0.463,2019,151,0.108,0.14300000000000002,3.38,0.077,0.287,Yemen,Asia
772,0.295,2018,125,0.221,0.503,4.377,0.08199999999999999,0.562,Zambia,Africa
773,0.29924,2015,85,0.19591,0.48827,5.129,0.12468,0.47038,Zambia,Africa
774,0.23573,2016,106,0.17866,0.42662,4.795,0.11479,0.61202,Zambia,Africa
775,0.25783589482307395,2017,116,0.249580144882202,0.461603492498398,4.513999938964839,0.0782135501503944,0.6364067792892459,Zambia,Africa
776,0.426,2019,138,0.247,0.431,4.107,0.087,0.578,Zambia,Africa
777,0.248,2018,144,0.132,0.406,3.692,0.099,0.35700000000000004,Zimbabwe,Africa
778,0.433,2019,146,0.151,0.361,3.663,0.08900000000000001,0.366,Zimbabwe,Africa
779,0.33475,2015,115,0.18987,0.25861,4.61,0.08079,0.271,Zimbabwe,Africa
780,0.1595,2016,131,0.18503,0.25429,4.1930000000000005,0.08582000000000001,0.35041,Zimbabwe,Africa
781,0.19676375389099104,2017,138,0.189143493771553,0.336384207010269,3.875,0.0953753814101219,0.3758465349674221,Zimbabwe,Africa
