,Economy (GDP per Capita),Generosity,Country,Happiness Rank,Health (Life Expectancy),year,Happiness Score,Trust (Government Corruption),Freedom,Continent
152,0.30070585,0.135234714,Afghanistan,153,0.266051531,2020,2.566900015,0.001225785,0.0,Asia
140,0.401477217674255,0.311870932579041,Afghanistan,141,0.18074677884578697,2017,3.7939999103546103,0.0611578300595284,0.106179520487785,Asia
153,0.35,0.158,Afghanistan,154,0.361,2019,3.2030000000000003,0.025,0.0,Asia
144,0.332,0.191,Afghanistan,145,0.255,2018,3.6319999999999997,0.036000000000000004,0.085,Asia
153,0.38227,0.31268,Afghanistan,154,0.17344,2016,3.36,0.07112,0.1643,Asia
152,0.31982,0.3651,Afghanistan,153,0.30335,2015,3.575,0.09719,0.23414000000000001,Asia
104,0.906653047,0.171027765,Albania,105,0.8463296290000001,2020,4.882699966000001,0.025361285,0.461945891,Europe
111,0.9159999999999999,0.149,Albania,112,0.79,2018,4.586,0.032,0.419,Europe
106,0.9470000000000001,0.17800000000000002,Albania,107,0.8740000000000001,2019,4.718999999999999,0.027000000000000003,0.38299999999999995,Europe
94,0.8786700000000001,0.14272,Albania,95,0.81325,2015,4.959,0.06412999999999999,0.35733000000000004,Europe
108,0.9553,0.1684,Albania,109,0.73007,2016,4.655,0.05301,0.31866,Europe
108,0.996192753314972,0.20131294429302202,Albania,109,0.731159746646881,2017,4.64400005340576,0.0398642159998417,0.381498634815216,Europe
87,1.002,0.073,Algeria,88,0.785,2019,5.211,0.114,0.086,Africa
52,1.09186446666718,0.0694366469979286,Algeria,53,0.6175846457481379,2017,5.872000217437741,0.14609611034393302,0.233335807919502,Africa
99,0.9438560009999999,0.118915014,Algeria,100,0.745418549,2020,5.005099773,0.12919065400000002,0.083943799,Africa
83,0.9790000000000001,0.055,Algeria,84,0.687,2018,5.295,0.135,0.077,Africa
67,0.93929,0.07822,Algeria,68,0.61766,2015,5.605,0.17382999999999998,0.28579,Africa
37,1.05266,0.07044,Algeria,38,0.6180399999999999,2016,6.355,0.16157,0.21006,Africa
136,0.75778,0.12344000000000001,Angola,137,0.16683,2015,4.033,0.07122,0.10384000000000002,Africa
139,0.8584281802177429,0.09792649000883098,Angola,140,0.0498686656355858,2017,3.79500007629395,0.0697203353047371,0.0,Africa
140,0.84731,0.12070999999999998,Angola,141,0.04991,2016,3.866,0.08434,0.00589,Africa
141,0.73,0.079,Angola,142,0.26899999999999996,2018,3.795,0.061,0.0,Africa
25,1.15137,0.10989000000000002,Argentina,26,0.69711,2016,6.65,0.07296,0.42283999999999994,South America
54,1.028465629,0.070100471,Argentina,55,0.849773705,2020,5.974699974,0.06041505900000001,0.520840347,South America
28,1.073,0.062,Argentina,29,0.7440000000000001,2018,6.388,0.054000000000000006,0.57,South America
46,1.092,0.066,Argentina,47,0.8809999999999999,2019,6.086,0.05,0.47100000000000003,South America
23,1.18529546260834,0.109457060694695,Argentina,24,0.695137083530426,2017,6.59899997711182,0.05973988771438599,0.49451920390129106,South America
29,1.05351,0.11450999999999999,Argentina,30,0.78723,2015,6.574,0.08484,0.44974,South America
115,0.85,0.095,Armenia,116,0.815,2019,4.559,0.064,0.28300000000000003,Asia
115,0.8082624079999999,0.107225738,Armenia,116,0.77585727,2020,4.676799774,0.104618184,0.37807580799999996,Asia
128,0.816,0.077,Armenia,129,0.6659999999999999,2018,4.321000000000001,0.027999999999999997,0.26,Asia
120,0.8608600000000001,0.07793,Armenia,121,0.64083,2016,4.36,0.036160000000000005,0.14037,Asia
126,0.7682100000000001,0.07855,Armenia,127,0.7299,2015,4.35,0.039,0.19847,Asia
120,0.900596737861633,0.0834880918264389,Armenia,121,0.637524425983429,2017,4.37599992752075,0.0266744215041399,0.198303267359734,Asia
8,1.4444299999999999,0.47407,Australia,9,0.8512,2016,7.313,0.32331,0.5683699999999999,Australia
9,1.4844149351120002,0.47769924998283403,Australia,10,0.84388679265976,2017,7.28399991989136,0.301183730363846,0.601607382297516,Australia
10,1.3719999999999999,0.332,Australia,11,1.036,2019,7.228,0.29,0.557,Australia
11,1.310396433,0.324973613,Australia,12,1.022607684,2020,7.222799778,0.335996419,0.621877193,Australia
9,1.34,0.361,Australia,10,0.91,2018,7.272,0.302,0.647,Australia
9,1.33358,0.43562,Australia,10,0.93156,2015,7.284,0.35636999999999996,0.6512399999999999,Australia
12,1.4870972633361799,0.316472321748734,Austria,13,0.8153284192085269,2017,7.00600004196167,0.22106036543846105,0.567766189575195,Europe
11,1.341,0.242,Austria,12,0.8909999999999999,2018,7.138999999999999,0.22399999999999998,0.617,Europe
9,1.376,0.244,Austria,10,1.016,2019,7.246,0.226,0.532,Europe
8,1.317285538,0.255509764,Austria,9,1.000933528,2020,7.294199944,0.28125613899999996,0.6033688779999999,Europe
11,1.45038,0.32865,Austria,12,0.80565,2016,7.119,0.21348000000000003,0.54355,Europe
12,1.33723,0.33088,Austria,13,0.8904200000000001,2015,7.2,0.18675999999999998,0.62433,Europe
86,1.024,0.031,Azerbaijan,87,0.603,2018,5.2010000000000005,0.17600000000000002,0.43,Asia
80,1.12373,0.0564,Azerbaijan,81,0.54504,2016,5.291,0.17914000000000002,0.35327,Asia
89,1.043,0.035,Azerbaijan,90,0.769,2019,5.207999999999999,0.182,0.35100000000000003,Asia
79,1.02389,0.07799,Azerbaijan,80,0.64045,2015,5.212000000000001,0.16065,0.3703,Asia
84,1.1536017656326298,0.0452693402767181,Azerbaijan,85,0.5407757759094239,2017,5.234000205993651,0.180987507104874,0.39815583825111406,Asia
88,0.990272701,0.040113214,Azerbaijan,89,0.731134057,2020,5.164800167,0.24730718100000001,0.467734724,Asia
41,1.44024,0.17147,Bahrain,42,0.65696,2016,6.218,0.25772,0.47375,Asia
39,1.296692252,0.287453711,Bahrain,40,0.838836372,2020,6.227300167,0.12669725699999998,0.610399902,Asia
48,1.32376,0.17362,Bahrain,49,0.74716,2015,5.96,0.306,0.45492,Asia
42,1.338,0.243,Bahrain,43,0.698,2018,6.105,0.12300000000000001,0.594,Asia
40,1.4884122610092199,0.17266848683357197,Bahrain,41,0.653133034706116,2017,6.08699989318848,0.257042169570923,0.536746919155121,Asia
36,1.3619999999999999,0.255,Bahrain,37,0.871,2019,6.199,0.11,0.536,Asia
109,0.586682975292206,0.17225535213947304,Bangladesh,110,0.533241033554077,2017,4.60799980163574,0.123717859387398,0.478356659412384,Asia
124,0.562,0.166,Bangladesh,125,0.723,2019,4.456,0.14300000000000002,0.527,Asia
108,0.39753,0.21222,Bangladesh,109,0.60164,2015,4.694,0.12569,0.4082,Asia
109,0.54177,0.19132000000000002,Bangladesh,110,0.52989,2016,4.643,0.12583,0.39778,Asia
114,0.532,0.153,Bangladesh,115,0.579,2018,4.5,0.14400000000000002,0.58,Asia
106,0.556156278,0.17674511699999998,Bangladesh,107,0.694940507,2020,4.832799911,0.176735908,0.604130566,Asia
80,1.067,0.094,Belarus,81,0.789,2019,5.3229999999999995,0.142,0.235,Europe
58,1.0319200000000002,0.11045999999999999,Belarus,59,0.7360800000000001,2015,5.813,0.1909,0.37938,Europe
66,1.15655755996704,0.15513750910759,Belarus,67,0.6377142667770389,2017,5.5689997673034695,0.156313821673393,0.295400261878967,Europe
60,1.1306200000000002,0.13942000000000002,Belarus,61,0.6310399999999999,2016,5.8020000000000005,0.17457,0.29091,Europe
72,1.0390000000000001,0.10099999999999999,Belarus,73,0.7,2018,5.483,0.154,0.307,Europe
74,1.0188544990000001,0.08993306,Belarus,75,0.75258857,2020,5.539899826,0.193607435,0.29075586800000003,Europe
15,1.324,0.188,Belgium,16,0.894,2018,6.9270000000000005,0.24,0.583,Europe
17,1.42539,0.2424,Belgium,18,0.8195899999999999,2016,6.928999999999999,0.26248,0.51354,Europe
17,1.3559999999999999,0.16,Belgium,18,0.986,2019,6.922999999999999,0.21,0.473,Europe
16,1.4637807607650801,0.23150333762168898,Belgium,17,0.8180918693542479,2017,6.89099979400635,0.251343131065369,0.5397707223892211,Europe
18,1.30782,0.2225,Belgium,19,0.8966700000000001,2015,6.937,0.2254,0.5845,Europe
19,1.2958427670000001,0.146966159,Belgium,20,0.964901149,2020,6.863500117999999,0.208724052,0.499805421,Europe
51,0.87616,0.23684000000000002,Belize,52,0.45569,2016,5.956,0.10770999999999999,0.51231,North America
49,0.907975316047668,0.24001564085483604,Belize,50,0.45019176602363603,2017,5.955999851226809,0.0965810716152191,0.5475093722343439,North America
48,0.807,0.183,Belize,49,0.474,2018,5.956,0.08900000000000001,0.593,North America
142,0.43108540773391707,0.207948461174965,Benin,143,0.20993021130561804,2017,3.65700006484985,0.0609290152788162,0.42596277594566295,Africa
152,0.39499,0.2018,Benin,153,0.21028000000000002,2016,3.484,0.06681000000000001,0.39747,Africa
154,0.28665,0.1826,Benin,155,0.3191,2015,3.34,0.0801,0.4845,Africa
135,0.37799999999999995,0.163,Benin,136,0.24,2018,4.141,0.067,0.44,Africa
85,0.366244704,0.196670428,Benin,86,0.328062952,2020,5.21600008,0.125931874,0.40583989,Africa
101,0.39299999999999996,0.175,Benin,102,0.397,2019,4.883,0.08199999999999999,0.349,Africa
96,0.7959999999999999,0.364,Bhutan,97,0.527,2018,5.082,0.171,0.541,Asia
78,0.77042,0.47998,Bhutan,79,0.57407,2015,5.252999999999999,0.15445,0.5320600000000001,Asia
94,0.813,0.37,Bhutan,95,0.604,2019,5.082,0.16699999999999998,0.457,Asia
96,0.885416388511658,0.474054545164108,Bhutan,97,0.495879292488098,2017,5.01100015640259,0.17338038980960802,0.5015376806259161,Asia
83,0.8527,0.48546000000000006,Bhutan,84,0.49759,2016,5.196000000000001,0.1616,0.46074,Asia
61,0.7509999999999999,0.141,Bolivia,62,0.508,2018,5.752000000000001,0.054000000000000006,0.606,South America
58,0.79422,0.21698,Bolivia,59,0.4697,2016,5.822,0.07746,0.50961,South America
57,0.833756566047668,0.22556072473526,Bolivia,58,0.47363024950027505,2017,5.82299995422363,0.0604777261614799,0.5587329268455511,South America
60,0.7759999999999999,0.13699999999999998,Bolivia,61,0.706,2019,5.779,0.064,0.511,South America
64,0.7309763429999999,0.13837507400000001,Bolivia,65,0.6624456639999999,2020,5.747499942999999,0.072942637,0.5744645,South America
50,0.68133,0.20536,Bolivia,51,0.5392,2015,5.89,0.08800000000000001,0.57414,South America
89,0.982409417629242,0.328867495059967,Bosnia and Herzegovina,90,0.705186307430267,2017,5.18200016021729,0.0,0.204403176903725,Europe
86,0.9338299999999999,0.29889,Bosnia and Herzegovina,87,0.7076600000000001,2016,5.162999999999999,0.0,0.09511,Europe
77,0.945,0.263,Bosnia and Herzegovina,78,0.845,2019,5.386,0.006,0.212,Europe
92,0.915,0.21600000000000003,Bosnia and Herzegovina,93,0.758,2018,5.129,0.0,0.28,Europe
68,0.91839546,0.264005244,Bosnia and Herzegovina,69,0.813928187,2020,5.674099922000001,0.001172487,0.305365741,Europe
95,0.8322299999999999,0.24808000000000002,Bosnia and Herzegovina,96,0.79081,2015,4.949,0.00227,0.09245,Europe
136,1.09426,0.12425,Botswana,137,0.34752,2016,3.9739999999999998,0.10769000000000001,0.44088999999999995,Africa
146,0.997548997,0.033407487,Botswana,147,0.494101733,2020,3.4788999560000002,0.101786368,0.50908941,Africa
141,1.12209415435791,0.0993484482169151,Botswana,142,0.34175550937652605,2017,3.7660000324249303,0.0985831990838051,0.505196332931519,Africa
147,1.041,0.025,Botswana,148,0.5379999999999999,2019,3.488,0.1,0.455,Africa
127,0.99355,0.10461,Botswana,128,0.047760000000000004,2015,4.332,0.12474,0.49495,Africa
145,1.0170000000000001,0.042,Botswana,146,0.41700000000000004,2018,3.59,0.092,0.557,Africa
31,1.004,0.099,Brazil,32,0.802,2019,6.3,0.086,0.39,South America
27,0.986,0.11,Brazil,28,0.675,2018,6.419,0.08800000000000001,0.493,South America
21,1.1073532104492199,0.16234989464282998,Brazil,22,0.6165523529052729,2017,6.6350002288818395,0.11109276115894301,0.437453746795654,South America
15,0.98124,0.14574,Brazil,16,0.69702,2015,6.983,0.17521,0.49049,South America
16,1.08754,0.15775999999999998,Brazil,17,0.61415,2016,6.952000000000001,0.14165999999999998,0.40425,South America
31,0.952679873,0.131674588,Brazil,32,0.766119063,2020,6.375599861,0.106518604,0.483292729,South America
95,1.046554685,0.10383371300000001,Bulgaria,96,0.7777768970000001,2020,5.101500034,0.0,0.417820066,Europe
96,1.092,0.081,Bulgaria,97,0.815,2019,5.011,0.004,0.311,Europe
99,1.054,0.064,Bulgaria,100,0.7120000000000001,2018,4.933,0.009000000000000001,0.359,Europe
133,1.01216,0.11921,Bulgaria,134,0.76649,2015,4.218,0.00872,0.30587,Europe
128,1.11306,0.12793,Bulgaria,129,0.67806,2016,4.217,0.00615,0.21219000000000002,Europe
104,1.1614590883255,0.113177694380283,Bulgaria,105,0.708217680454254,2017,4.71400022506714,0.0110515309497714,0.28923171758651695,Europe
144,0.31995,0.24353000000000002,Burkina Faso,145,0.21297,2016,3.739,0.12533,0.3337,Africa
111,0.302467644,0.18639060899999998,Burkina Faso,112,0.312833875,2020,4.768700123,0.126408055,0.322398156,Africa
114,0.331,0.177,Burkina Faso,115,0.38,2019,4.587,0.113,0.255,Africa
151,0.25811999999999996,0.21746999999999997,Burkina Faso,152,0.27125,2015,3.5869999999999997,0.12832000000000002,0.39493,Africa
133,0.35022771358490007,0.250864684581757,Burkina Faso,134,0.21584425866603896,2017,4.03200006484985,0.12032810598611803,0.32436785101890603,Africa
120,0.314,0.175,Burkina Faso,121,0.254,2018,4.4239999999999995,0.128,0.312,Africa
139,0.0,0.18740178600000001,Burundi,140,0.295212835,2020,3.775300026,0.212186828,0.275399059,Africa
156,0.06831,0.2029,Burundi,157,0.15747,2016,2.905,0.09419,0.0432,Africa
153,0.09162256866693501,0.20443518459796897,Burundi,154,0.151610791683197,2017,2.90499997138977,0.0841479450464249,0.0599007532000542,Africa
155,0.091,0.149,Burundi,156,0.145,2018,2.905,0.076,0.065,Africa
144,0.046,0.17600000000000002,Burundi,145,0.38,2019,3.775,0.18,0.22,Africa
156,0.0153,0.19727,Burundi,157,0.22396,2015,2.905,0.10062,0.1185,Africa
139,0.55604,0.40339,Cambodia,140,0.42494,2016,3.907,0.08092,0.5885199999999999,Asia
119,0.5489999999999999,0.256,Cambodia,120,0.457,2018,4.433,0.065,0.696,Asia
144,0.46038,0.40359,Cambodia,145,0.61114,2015,3.819,0.07247,0.66246,Asia
108,0.574,0.23199999999999998,Cambodia,109,0.637,2019,4.7,0.062,0.609,Asia
105,0.544634938,0.233342081,Cambodia,106,0.587904334,2020,4.8484001160000005,0.072837502,0.674940348,Asia
128,0.6017650961875921,0.385922968387604,Cambodia,129,0.429783403873444,2017,4.1680002212524405,0.0681059509515762,0.633375823497772,Asia
95,0.5489999999999999,0.187,Cameroon,96,0.331,2019,5.044,0.037000000000000005,0.381,Africa
98,0.535,0.183,Cameroon,99,0.182,2018,4.975,0.043,0.45399999999999996,Africa
132,0.4225,0.20618000000000003,Cameroon,133,0.23401999999999998,2015,4.252,0.05786,0.49309,Africa
106,0.564305365085602,0.23629845678806302,Cameroon,107,0.132892116904259,2017,4.69500017166138,0.0513066314160824,0.430388748645782,Africa
113,0.5249699999999999,0.2268,Cameroon,114,0.12697999999999998,2016,4.513,0.06126,0.42736,Africa
97,0.503958046,0.198020101,Cameroon,98,0.270189553,2020,5.084899902,0.054393422000000004,0.43924248200000005,Africa
5,1.44015,0.44833999999999996,Canada,6,0.8276,2016,7.404,0.31329,0.5737,North America
6,1.47920441627502,0.435539722442627,Canada,7,0.83455765247345,2017,7.31599998474121,0.287371516227722,0.611100912094116,North America
6,1.33,0.321,Canada,7,0.8959999999999999,2018,7.327999999999999,0.29100000000000004,0.653,North America
10,1.301647663,0.28152892,Canada,11,1.022501945,2020,7.23210001,0.35170185600000003,0.644028127,North America
8,1.365,0.285,Canada,9,1.0390000000000001,2019,7.278,0.308,0.584,North America
4,1.32629,0.45811,Canada,5,0.9056299999999999,2015,7.4270000000000005,0.32957,0.63297,North America
147,0.0785,0.23835,Central African Republic,148,0.06699,2015,3.678,0.08288999999999999,0.48878999999999995,Africa
154,0.026000000000000002,0.235,Central African Republic,155,0.105,2019,3.083,0.035,0.225,Africa
154,0.0,0.280876487493515,Central African Republic,155,0.0187726859003305,2017,2.69300007820129,0.0565650761127472,0.270842045545578,Africa
154,0.024,0.218,Central African Republic,155,0.01,2018,3.083,0.038,0.305,Africa
148,0.041072082,0.253513217,Central African Republic,149,0.0,2020,3.475899935,0.028264717999999998,0.292814463,Africa
130,0.358,0.18100000000000002,Chad,131,0.053,2018,4.301,0.06,0.18899999999999997,Africa
126,0.30228748899999996,0.210805088,Chad,127,0.1087441,2020,4.422699928,0.085755408,0.22860176899999998,Africa
131,0.35,0.198,Chad,132,0.192,2019,4.35,0.078,0.174,Africa
136,0.43801298737525896,0.21611385047435802,Chad,137,0.0411347150802612,2017,3.9360001087188703,0.0535818822681904,0.16234202682972002,Africa
143,0.42213999999999996,0.18667,Chad,144,0.038239999999999996,2016,3.763,0.04952,0.12807000000000002,Africa
148,0.34193,0.18386,Chad,149,0.1501,2015,3.667,0.05269,0.23501,Africa
19,1.25278460979462,0.3266624212265011,Chile,20,0.8194797039031979,2017,6.65199995040894,0.0822879821062088,0.376895278692245,South America
26,1.10715,0.33363000000000004,Chile,27,0.85857,2015,6.67,0.12869,0.44132,South America
38,1.096992493,0.155579001,Chile,39,0.889260828,2020,6.228499889,0.06284935,0.41748222700000004,South America
24,1.131,0.19699999999999998,Chile,25,0.8079999999999999,2018,6.476,0.061,0.431,South America
25,1.159,0.187,Chile,26,0.92,2019,6.444,0.055999999999999994,0.35700000000000004,South America
23,1.2167,0.31595,Chile,24,0.8188300000000001,2016,6.705,0.11450999999999999,0.37789,South America
78,1.08116579055786,0.0288068410009146,China,79,0.741415500640869,2017,5.2729997634887695,0.0227942746132612,0.47278770804405196,Asia
93,0.990533412,0.079021044,China,94,0.867248535,2020,5.123899937,0.117255554,0.6016051170000001,Asia
83,0.89012,0.08185,China,84,0.81658,2015,5.14,0.02781,0.5169699999999999,Asia
92,1.0290000000000001,0.057999999999999996,China,93,0.893,2019,5.191,0.1,0.521,Asia
82,1.0278,0.049589999999999995,China,83,0.73561,2016,5.245,0.02745,0.44011999999999996,Asia
85,0.9890000000000001,0.028999999999999998,China,86,0.799,2018,5.246,0.10300000000000001,0.597,Asia
35,1.07062232494354,0.14901447296142598,Colombia,36,0.595027923583984,2017,6.35699987411499,0.0466687418520451,0.47748741507530196,South America
36,0.96,0.099,Colombia,37,0.635,2018,6.26,0.039,0.531,South America
32,0.91861,0.18400999999999998,Colombia,33,0.69077,2015,6.477,0.0512,0.53466,South America
42,0.985,0.099,Colombia,43,0.841,2019,6.125,0.034,0.47,South America
30,1.0303200000000001,0.15625999999999998,Colombia,31,0.59659,2016,6.481,0.053989999999999996,0.44735,South America
43,0.93220371,0.092374094,Colombia,44,0.8100201490000001,2020,6.163400172999999,0.04584837,0.526890039,South America
141,0.27399999999999997,0.275,Comoros,142,0.505,2019,3.9730000000000003,0.078,0.142,Africa
137,0.27509,0.1827,Comoros,138,0.29980999999999997,2016,3.9560000000000004,0.18437,0.15412,Africa
133,0.41562077399999997,0.258538276,Comoros,134,0.43738332399999996,2020,4.288599968,0.100048535,0.18102823199999998,Africa
139,0.23906,0.17440999999999998,Comoros,140,0.36315,2015,3.9560000000000004,0.19899999999999998,0.22916999999999998,Africa
126,0.7710899999999999,0.12077,Congo (Brazzaville),127,0.28212,2016,4.236000000000001,0.09752999999999999,0.37938,Africa
113,0.682,0.091,Congo (Brazzaville),114,0.34299999999999997,2018,4.559,0.077,0.514,Africa
102,0.6729999999999999,0.105,Congo (Brazzaville),103,0.508,2019,4.812,0.09300000000000001,0.37200000000000005,Africa
87,0.633616745,0.11721601300000001,Congo (Brazzaville),88,0.45810112399999997,2020,5.1943998339999995,0.118670784,0.386514395,Africa
138,0.67866,0.12387999999999999,Congo (Brazzaville),139,0.31051,2015,3.989,0.11685999999999999,0.41466000000000003,Africa
123,0.8089642524719242,0.12085212767124198,Congo (Brazzaville),124,0.28995743393898,2017,4.29099988937378,0.0796181336045265,0.4350258708000179,Africa
126,0.094,0.212,Congo (Kinshasa),127,0.35700000000000004,2019,4.418,0.053,0.26899999999999996,Africa
125,0.0921023488044739,0.246455833315849,Congo (Kinshasa),126,0.191407024860382,2017,4.2800002098083505,0.0602413564920425,0.235961347818375,Africa
130,0.062487468,0.254324883,Congo (Kinshasa),131,0.277212054,2020,4.31099987,0.081466645,0.36462298,Africa
119,0.0,0.24834,Congo (Kinshasa),120,0.09806000000000001,2015,4.5169999999999995,0.07625,0.22605,Africa
124,0.05661,0.25458000000000003,Congo (Kinshasa),125,0.188,2016,4.272,0.06075,0.15602,Africa
131,0.069,0.19699999999999998,Congo (Kinshasa),132,0.204,2018,4.245,0.052000000000000005,0.312,Africa
11,1.10970628261566,0.21461322903633104,Costa Rica,12,0.7595092654228209,2017,7.0789999961853,0.100106589496136,0.580131649971008,North America
13,1.06879,0.22553,Costa Rica,14,0.76146,2016,7.087000000000001,0.10547000000000001,0.55225,North America
12,1.01,0.14300000000000002,Costa Rica,13,0.8170000000000001,2018,7.072,0.10099999999999999,0.632,North America
11,1.034,0.14400000000000002,Costa Rica,12,0.963,2019,7.167000000000001,0.09300000000000001,0.5579999999999999,North America
11,0.95578,0.25497,Costa Rica,12,0.8602700000000001,2015,7.226,0.10583,0.63376,North America
14,0.981107712,0.131266311,Costa Rica,15,0.9396353359999999,2020,7.121399879,0.096362092,0.6450177429999999,North America
73,1.18649,0.18434,Croatia,74,0.70524,2016,5.4879999999999995,0.04002,0.23906999999999998,Europe
74,1.155,0.11900000000000001,Croatia,75,0.914,2019,5.432,0.022000000000000002,0.29600000000000004,Europe
76,1.22255623340607,0.248002976179123,Croatia,77,0.701288521289825,2017,5.2930002212524405,0.0431031100451946,0.255772292613983,Europe
78,1.109024286,0.113998979,Croatia,79,0.900575578,2020,5.504700184,0.012325006000000001,0.38145688200000005,Europe
61,1.08254,0.054439999999999995,Croatia,62,0.78805,2015,5.7589999999999995,0.0243,0.25883,Europe
81,1.115,0.12,Croatia,82,0.737,2018,5.321000000000001,0.039,0.38,Europe
60,1.229,0.20199999999999999,Cyprus,61,0.909,2018,5.7620000000000005,0.035,0.423,Europe
44,1.21279943,0.227932334,Cyprus,45,1.0261245970000001,2020,6.15899992,0.051207144,0.45938587200000003,Europe
68,1.31857,0.27906,Cyprus,69,0.8488,2016,5.546,0.05227999999999999,0.29507,Europe
66,1.20813,0.30638000000000004,Cyprus,67,0.92356,2015,5.689,0.06146,0.40671999999999997,Europe
48,1.263,0.19,Cyprus,49,1.042,2019,6.046,0.040999999999999995,0.406,Europe
64,1.3559380769729599,0.271254301071167,Cyprus,65,0.84471470117569,2017,5.62099981307983,0.0412379764020443,0.35511153936386103,Europe
19,1.2690000000000001,0.046,Czech Republic,20,0.92,2019,6.852,0.036000000000000004,0.457,Europe
22,1.35268235206604,0.0881067588925362,Czech Republic,23,0.754444003105164,2017,6.60900020599365,0.0368729270994663,0.49094617366790794,Europe
18,1.212322354,0.046325929,Czech Republic,19,0.89456445,2020,6.9109001160000005,0.049803223,0.505744576,Europe
26,1.30915,0.09929,Czech Republic,27,0.76376,2016,6.596,0.03986,0.41418,Europe
30,1.17898,0.10686,Czech Republic,31,0.84483,2015,6.505,0.02652,0.46363999999999994,Europe
20,1.2329999999999999,0.064,Czech Republic,21,0.8540000000000001,2018,6.711,0.034,0.5429999999999999,Europe
1,1.383,0.252,Denmark,2,0.996,2019,7.6,0.41,0.5920000000000001,Europe
1,1.326948524,0.24279339600000002,Denmark,2,0.979332566,2020,7.645599842,0.49526032799999997,0.665039897,Europe
1,1.48238301277161,0.3552804887294771,Denmark,2,0.7925655245780941,2017,7.52199983596802,0.40077006816863997,0.626006722450256,Europe
0,1.4417799999999998,0.36171,Denmark,1,0.79504,2016,7.526,0.44453000000000004,0.5794100000000001,Europe
2,1.351,0.284,Denmark,3,0.868,2018,7.555,0.408,0.6829999999999999,Europe
2,1.32548,0.34139,Denmark,3,0.87464,2015,7.527,0.48357,0.6493800000000001,Europe
125,0.44025,0.18093,Djibouti,126,0.36291,2015,4.369,0.28105,0.46074,Africa
67,0.9831918479999999,0.112196781,Dominican Republic,68,0.7419016959999999,2020,5.6891999239999995,0.115945682,0.5628739,North America
82,0.982,0.12,Dominican Republic,83,0.614,2018,5.3020000000000005,0.106,0.578,North America
88,1.02787,0.21286,Dominican Republic,89,0.5766899999999999,2016,5.155,0.12372000000000001,0.52259,North America
76,1.015,0.113,Dominican Republic,77,0.779,2019,5.425,0.10099999999999999,0.49700000000000005,North America
97,0.8953700000000001,0.21684,Dominican Republic,98,0.66825,2015,4.885,0.14234000000000002,0.57672,North America
85,1.07937383651733,0.186967849731445,Dominican Republic,86,0.574873745441437,2017,5.230000019073491,0.113945253193378,0.55258983373642,North America
47,0.889,0.114,Ecuador,48,0.736,2018,5.973,0.12,0.556,South America
47,0.8640200000000001,0.11540999999999998,Ecuador,48,0.79075,2015,5.975,0.1809,0.48573999999999995,South America
50,0.97306,0.10074,Ecuador,51,0.68613,2016,5.976,0.18037,0.4027,South America
43,1.00082039833069,0.15011246502399403,Ecuador,44,0.685636222362518,2017,6.00799989700317,0.140134647488594,0.4551981985569,South America
49,0.912,0.126,Ecuador,50,0.868,2019,6.028,0.087,0.498,South America
57,0.853383601,0.115006477,Ecuador,58,0.838837743,2020,5.925199986,0.086753383,0.555234551,South America
103,0.989701807498932,0.128631442785263,Egypt,104,0.520187258720398,2017,4.7350001335144,0.114381365478039,0.28211015462875394,Africa
136,0.9129999999999999,0.076,Egypt,137,0.644,2019,4.166,0.067,0.24100000000000002,Africa
119,0.95395,0.12705999999999998,Egypt,120,0.5211600000000001,2016,4.362,0.10393,0.18847,Africa
137,0.8752289409999999,0.068801254,Egypt,138,0.596911311,2020,4.151400089,0.095461793,0.37368473399999996,Africa
121,0.885,0.092,Egypt,122,0.5529999999999999,2018,4.419,0.107,0.312,Africa
134,0.8818,0.11291,Egypt,135,0.61712,2015,4.194,0.06324,0.17288,Africa
44,0.9097844958305359,0.0782579854130745,El Salvador,45,0.596018552780151,2017,6.002999782562259,0.0899809598922729,0.432452529668808,North America
33,0.748940408,0.11893630000000001,El Salvador,34,0.752730012,2020,6.34829998,0.11703035199999999,0.5240439179999999,North America
39,0.8059999999999999,0.065,El Salvador,40,0.639,2018,6.167000000000001,0.08199999999999999,0.461,North America
45,0.8737,0.08877,El Salvador,46,0.596,2016,6.068,0.10613,0.37269,North America
41,0.76454,0.10692,El Salvador,42,0.67737,2015,6.13,0.11775999999999999,0.4035,North America
34,0.794,0.09300000000000001,El Salvador,35,0.789,2019,6.252999999999999,0.07400000000000001,0.43,North America
62,1.2,0.086,Estonia,63,0.737,2018,5.739,0.174,0.5529999999999999,Europe
71,1.2796399999999999,0.08423,Estonia,72,0.68098,2016,5.517,0.18519000000000002,0.41511000000000003,Europe
50,1.192441225,0.12513674800000002,Estonia,51,0.842615008,2020,6.0218000410000005,0.201766819,0.576664805,Europe
65,1.3208793401718102,0.0988908112049103,Estonia,66,0.695168316364288,2017,5.61100006103516,0.18324892222881303,0.479131430387497,Europe
72,1.15174,0.0868,Estonia,73,0.77361,2015,5.428999999999999,0.15184,0.44888,Europe
54,1.237,0.10300000000000001,Estonia,55,0.8740000000000001,2019,5.893,0.161,0.495,Europe
126,0.308,0.22,Ethiopia,127,0.391,2018,4.35,0.146,0.452,Africa
114,0.29283000000000003,0.29522,Ethiopia,115,0.34578000000000003,2016,4.508,0.1717,0.36703,Africa
135,0.315125644,0.227698103,Ethiopia,136,0.483846247,2020,4.186200142,0.117437035,0.41256687,Africa
118,0.339233845472336,0.31265074014663696,Ethiopia,119,0.35340970754623396,2017,4.46000003814697,0.16545571386814098,0.408842742443085,Africa
133,0.336,0.209,Ethiopia,134,0.532,2019,4.2860000000000005,0.1,0.344,Africa
121,0.19072999999999998,0.24325,Ethiopia,122,0.44055,2015,4.512,0.15048,0.4345,Africa
0,1.285189509,0.159670442,Finland,1,0.961271405,2020,7.808700085,0.477857262,0.66231674,Europe
0,1.34,0.153,Finland,1,0.986,2019,7.769,0.39299999999999996,0.596,Europe
4,1.44357192516327,0.24548277258873,Finland,5,0.80915766954422,2017,7.468999862670901,0.38261154294014,0.6179508566856379,Europe
5,1.29025,0.23351,Finland,6,0.8891100000000001,2015,7.406000000000001,0.41372,0.64169,Europe
4,1.40598,0.25492,Finland,5,0.81091,2016,7.412999999999999,0.41003999999999996,0.57104,Europe
0,1.305,0.20199999999999999,Finland,1,0.8740000000000001,2018,7.632000000000001,0.39299999999999996,0.6809999999999999,Europe
22,1.2930000000000001,0.098,France,23,0.9079999999999999,2018,6.489,0.17600000000000002,0.52,Europe
30,1.43092346191406,0.129762306809425,France,31,0.8444658517837521,2017,6.44199991226196,0.172502428293228,0.470222115516663,Europe
22,1.268129349,0.112607703,France,23,1.029714227,2020,6.663799762999999,0.227303237,0.5140509010000001,Europe
31,1.39488,0.1216,France,32,0.83795,2016,6.478,0.17808,0.46562,Europe
23,1.324,0.111,France,24,1.045,2019,6.5920000000000005,0.183,0.436,Europe
28,1.27778,0.12332,France,29,0.9457899999999999,2015,6.575,0.20646,0.55011,Europe
133,1.15851,0.062439999999999996,Gabon,134,0.3494,2016,4.121,0.09314,0.28098,Africa
117,1.1982102394104,0.0437853783369064,Gabon,118,0.35657858848571794,2017,4.46500015258789,0.0760467872023582,0.31232857704162603,Africa
103,1.057,0.043,Gabon,104,0.5710000000000001,2019,4.7989999999999995,0.055,0.295,Africa
107,0.9880443809999999,0.052013602,Gabon,108,0.522574842,2020,4.829299927,0.05580453900000001,0.36945989700000004,Africa
102,1.036,0.032,Gabon,103,0.40399999999999997,2018,4.758,0.052000000000000005,0.35600000000000004,Africa
142,1.06024,0.06822,Gabon,143,0.43372,2015,3.8960000000000004,0.11091,0.31914000000000003,Africa
112,0.256990552,0.425989687,Gambia,113,0.35324788100000004,2020,4.750599861,0.158093795,0.403419524,Africa
119,0.308,0.26899999999999996,Gambia,120,0.428,2019,4.516,0.16699999999999998,0.382,Africa
124,0.950612664222717,0.0540088154375553,Georgia,125,0.649546980857849,2017,4.28599977493286,0.25166663527488703,0.309410035610199,Europe
116,0.847198069,0.047609735,Georgia,117,0.6946576240000001,2020,4.672599792,0.174088076,0.485494107,Europe
129,0.7419,0.055470000000000005,Georgia,130,0.72926,2015,4.297,0.38331,0.40576999999999996,Europe
127,0.853,0.038,Georgia,128,0.643,2018,4.34,0.215,0.375,Europe
118,0.8859999999999999,0.043,Georgia,119,0.752,2019,4.519,0.16399999999999998,0.34600000000000003,Europe
125,0.8379200000000001,0.06786,Georgia,126,0.64035,2016,4.252,0.3188,0.32461,Europe
25,1.32792,0.28214,Germany,26,0.89186,2015,6.75,0.21843,0.6147699999999999,Europe
14,1.34,0.273,Germany,15,0.861,2018,6.965,0.28,0.586,Europe
15,1.48792338371277,0.33626917004585305,Germany,16,0.798950731754303,2017,6.9510002136230495,0.276731938123703,0.562511384487152,Europe
15,1.44787,0.30451999999999996,Germany,16,0.81487,2016,6.994,0.28551,0.53466,Europe
16,1.314184546,0.252037704,Germany,17,0.9721148009999999,2020,7.075799942000001,0.309362292,0.564274132,Europe
16,1.3730000000000002,0.261,Germany,17,0.987,2019,6.985,0.265,0.495,Europe
130,0.667224824428558,0.25692394375801103,Ghana,131,0.29563772678375205,2017,4.11999988555908,0.0253363698720932,0.423026293516159,Africa
123,0.63107,0.21203000000000002,Ghana,124,0.29681,2016,4.276,0.0326,0.40973000000000004,Africa
113,0.5455800000000001,0.23087,Ghana,114,0.40131999999999995,2015,4.633,0.04355,0.42341999999999996,Africa
97,0.611,0.245,Ghana,98,0.486,2019,4.996,0.04,0.381,Africa
107,0.5920000000000001,0.212,Ghana,108,0.337,2018,4.657,0.028999999999999998,0.499,Africa
90,0.575862467,0.261291206,Ghana,91,0.432162255,2020,5.1479997630000005,0.056570380999999996,0.47729006399999996,Africa
76,1.128070116,0.0,Greece,77,0.979431748,2020,5.514999866,0.048844352,0.17351634800000001,Europe
81,1.181,0.0,Greece,82,0.9990000000000001,2019,5.287000000000001,0.034,0.067,Europe
101,1.15406,0.0,Greece,102,0.88213,2015,4.857,0.013969999999999998,0.07699,Europe
86,1.28948748111725,0.0,Greece,87,0.8101989030838009,2017,5.2270002365112305,0.043289776891470004,0.0957312509417534,Europe
78,1.1540000000000001,0.0,Greece,79,0.879,2018,5.358,0.044000000000000004,0.131,Europe
98,1.24886,0.0,Greece,99,0.80029,2016,5.033,0.04127,0.05822000000000001,Europe
26,0.8,0.175,Guatemala,27,0.746,2019,6.436,0.078,0.535,North America
38,0.83454,0.28808,Guatemala,39,0.5403899999999999,2016,6.324,0.08701,0.50379,North America
28,0.872001945972443,0.283488392829895,Guatemala,29,0.540239989757538,2017,6.4539999961853,0.0772232785820961,0.5313106179237371,North America
28,0.7538157109999999,0.170611665,Guatemala,29,0.705952585,2020,6.398900032,0.09836030000000001,0.613146722,North America
42,0.74553,0.27489,Guatemala,43,0.64425,2015,6.122999999999999,0.09472,0.57733,North America
29,0.7809999999999999,0.179,Guatemala,30,0.608,2018,6.382000000000001,0.071,0.604,North America
150,0.22415,0.29914,Guinea,151,0.18829,2016,3.6069999999999998,0.1192,0.30953,Africa
117,0.38,0.207,Guinea,118,0.375,2019,4.534,0.086,0.332,Africa
101,0.390007734,0.249490842,Guinea,102,0.333655238,2020,4.949299812,0.11220455900000001,0.37187805799999996,Africa
139,0.344,0.185,Guinea,140,0.21100000000000002,2018,3.964,0.094,0.39399999999999996,Africa
149,0.17417,0.28657,Guinea,150,0.24009,2015,3.656,0.12139000000000001,0.37725,Africa
148,0.24454993009567302,0.264815092086792,Guinea,149,0.194129139184952,2017,3.50699996948242,0.110937617719173,0.348587512969971,Africa
147,0.315,0.392,Haiti,148,0.289,2018,3.582,0.10400000000000001,0.025,North America
141,0.284734428,0.463909656,Haiti,142,0.37436673,2020,3.720799923,0.161935672,0.169297516,North America
118,0.26673,0.46187,Haiti,119,0.38847,2015,4.518,0.17175,0.24425,North America
135,0.34097,0.47958,Haiti,136,0.27494,2016,4.0280000000000005,0.14476,0.12072000000000001,North America
144,0.368610262870789,0.48920378088951094,Haiti,145,0.277321130037308,2017,3.6029999256133998,0.0998721495270729,0.0303698573261499,North America
146,0.32299999999999995,0.419,Haiti,147,0.449,2019,3.597,0.11,0.026000000000000002,North America
55,0.598763585,0.256528199,Honduras,56,0.791989982,2020,5.953199862999999,0.086807102,0.568148077,North America
58,0.642,0.24600000000000002,Honduras,59,0.828,2019,5.86,0.078,0.507,North America
71,0.62,0.19699999999999998,Honduras,72,0.622,2018,5.504,0.07400000000000001,0.45899999999999996,North America
90,0.730573117733002,0.23618887364864302,Honduras,91,0.582569479942322,2017,5.1810002326965305,0.0733454525470734,0.348079860210419,North America
103,0.69429,0.2044,Honduras,104,0.5838300000000001,2016,4.871,0.06906,0.26755,North America
104,0.59532,0.23026999999999997,Honduras,105,0.6951,2015,4.788,0.06825,0.40148,North America
75,1.4380000000000002,0.258,Hong Kong,76,1.122,2019,5.43,0.287,0.44,Asia
75,1.405,0.24600000000000002,Hong Kong,76,1.03,2018,5.43,0.29100000000000004,0.524,Asia
71,1.38604,0.39478,Hong Kong,72,1.01328,2015,5.474,0.37124,0.59608,Asia
74,1.5107,0.40097,Hong Kong,75,0.9527700000000001,2016,5.457999999999999,0.31647,0.48078999999999994,Asia
77,1.3767460580000002,0.288280904,Hong Kong S.A.R. of China,78,1.136630654,2020,5.510399818,0.332485437,0.459356517,
70,1.55167484283447,0.374465793371201,"Hong Kong S.A.R., China",71,0.943062424659729,2017,5.47200012207031,0.29393374919891396,0.490968644618988,Asia
52,1.1643071170000001,0.070491239,Hungary,53,0.806793869,2020,6.000400066,0.027548173,0.386401802,Europe
103,1.12094,0.128,Hungary,104,0.75905,2015,4.8,0.02758,0.32111999999999996,Europe
61,1.2009999999999998,0.081,Hungary,62,0.828,2019,5.757999999999999,0.02,0.19899999999999998,Europe
74,1.2860119342803997,0.0784016624093056,Hungary,75,0.6877634525299069,2017,5.32399988174438,0.0366369374096394,0.17586351931095098,Europe
90,1.24142,0.099,Hungary,91,0.67608,2016,5.145,0.044719999999999996,0.1977,Europe
68,1.171,0.061,Hungary,69,0.732,2018,5.62,0.022000000000000002,0.259,Europe
2,1.42666,0.47678000000000004,Iceland,3,0.8673299999999999,2016,7.501,0.14975,0.56624,Europe
2,1.480633020401,0.47554022073745705,Iceland,3,0.8335521221160892,2017,7.50400018692017,0.15352655947208402,0.6271626353263849,Europe
3,1.3430000000000002,0.353,Iceland,4,0.914,2018,7.495,0.138,0.677,Europe
3,1.38,0.354,Iceland,4,1.026,2019,7.494,0.11800000000000001,0.591,Europe
3,1.326501608,0.362330228,Iceland,4,1.000843406,2020,7.504499912000001,0.14454077199999998,0.661980748,Europe
1,1.3023200000000001,0.4363,Iceland,2,0.94784,2015,7.561,0.14145,0.6287699999999999,Europe
139,0.755,0.2,India,140,0.588,2019,4.015,0.085,0.498,Asia
116,0.64499,0.26475,India,117,0.5152899999999999,2015,4.565,0.08492000000000001,0.39786,Asia
121,0.7922212481498722,0.23153848946094502,India,122,0.455427616834641,2017,4.31500005722046,0.0922268852591515,0.469987004995346,Asia
117,0.74036,0.25028,India,118,0.45091000000000003,2016,4.404,0.08722,0.40285,Asia
143,0.730576158,0.237072483,India,144,0.54057014,2020,3.573299885,0.105587982,0.5811422470000001,Asia
132,0.721,0.172,India,133,0.485,2018,4.19,0.09300000000000001,0.539,Asia
83,0.891720712,0.542646527,Indonesia,84,0.610437036,2020,5.285600185,0.038278612999999996,0.568161428,Asia
80,0.995538592338562,0.611704587936401,Indonesia,81,0.49234572052955605,2017,5.26200008392334,0.0153171354904771,0.443323463201523,Asia
73,0.8282700000000001,0.51535,Indonesia,74,0.63793,2015,5.399,0.0,0.46611,Asia
91,0.9309999999999999,0.498,Indonesia,92,0.66,2019,5.192,0.027999999999999997,0.491,Asia
95,0.899,0.484,Indonesia,96,0.522,2018,5.093,0.018000000000000002,0.5379999999999999,Asia
78,0.95104,0.56521,Indonesia,79,0.49373999999999996,2016,5.314,0.00322,0.39237,Asia
105,1.0590000000000002,0.282,Iran,106,0.691,2018,4.707,0.129,0.45899999999999996,Asia
104,1.11758,0.38538,Iran,105,0.64232,2016,4.813,0.0557,0.22544,Asia
107,1.15687310695648,0.387242913246155,Iran,108,0.639333188533783,2017,4.69199991226196,0.048761073499918005,0.24932260811328896,Asia
109,1.0088,0.38086,Iran,110,0.69805,2015,4.686,0.058629999999999995,0.30033000000000004,Asia
116,1.1,0.27,Iran,117,0.785,2019,4.548,0.125,0.305,Asia
117,1.029322505,0.27697894,Iran,118,0.749053836,2020,4.672399998,0.142651513,0.301195472,Asia
116,1.01,0.14800000000000002,Iraq,117,0.536,2018,4.456,0.095,0.304,Asia
125,1.043,0.14800000000000002,Iraq,126,0.574,2019,4.437,0.08900000000000001,0.24100000000000002,Asia
111,0.98549,0.17922000000000002,Iraq,112,0.60237,2015,4.677,0.13788,0.0,Asia
109,0.9820187090000001,0.15300206800000002,Iraq,110,0.529350698,2020,4.7848000530000006,0.073164992,0.283588052,Asia
116,1.1027104854583702,0.19963726401329,Iraq,117,0.501180469989777,2017,4.49700021743774,0.10721575468778599,0.288555532693863,Asia
111,1.07474,0.19589,Iraq,112,0.51076,2016,4.575,0.13635999999999998,0.24856,Asia
15,1.499,0.298,Ireland,16,0.9990000000000001,2019,7.021,0.31,0.516,Europe
13,1.4480000000000002,0.307,Ireland,14,0.8759999999999999,2018,6.977,0.306,0.614,Europe
15,1.446886778,0.295426995,Ireland,16,0.975670695,2020,7.093699932000001,0.37343326200000004,0.587779939,Europe
14,1.5357066392898602,0.42785832285881,Ireland,15,0.8097826242446899,2017,6.9770002365112305,0.29838815331459007,0.5731103420257571,Europe
17,1.33596,0.45901000000000003,Ireland,18,0.89533,2015,6.94,0.28703,0.6177699999999999,Europe
18,1.4834100000000001,0.44963000000000003,Ireland,19,0.81455,2016,6.907,0.29754,0.54008,Europe
12,1.276,0.261,Israel,13,1.0290000000000001,2019,7.138999999999999,0.08199999999999999,0.371,Asia
18,1.301,0.354,Israel,19,0.883,2018,6.814,0.272,0.5329999999999999,Asia
10,1.2285700000000002,0.33171999999999996,Israel,11,0.9138700000000001,2015,7.278,0.07785,0.41318999999999995,Asia
10,1.33766,0.32288,Israel,11,0.8491700000000001,2016,7.267,0.08728,0.36432,Asia
13,1.216463685,0.26686179600000004,Israel,14,1.008052945,2020,7.128600121,0.09989845,0.42069947700000004,Asia
10,1.3753824234008798,0.330082654953003,Israel,11,0.83840399980545,2017,7.212999820709231,0.0852421000599861,0.40598860383033797,Asia
29,1.236396074,0.17026621100000003,Italy,30,1.0225049259999999,2020,6.38740015,0.040145598,0.321305573,Europe
35,1.294,0.158,Italy,36,1.0390000000000001,2019,6.223,0.03,0.231,Europe
47,1.3950666189193701,0.17278964817523998,Italy,48,0.8531443476676941,2017,5.96400022506714,0.0280280914157629,0.256450712680817,Europe
46,1.264,0.13699999999999998,Italy,47,0.946,2018,6.0,0.027999999999999997,0.281,Europe
49,1.35495,0.16684000000000002,Italy,50,0.8510200000000001,2016,5.977,0.02556,0.18827,Europe
49,1.25114,0.22823000000000002,Italy,50,0.9544600000000001,2015,5.9479999999999995,0.02901,0.26236,Europe
98,0.569,0.154,Ivory Coast,99,0.23199999999999998,2019,4.944,0.09,0.35200000000000004,Africa
127,0.6030489206314089,0.201237469911575,Ivory Coast,128,0.0486421696841717,2017,4.17999982833862,0.130061775445938,0.4477061927318571,Africa
84,0.537094414,0.16991558699999998,Ivory Coast,85,0.154942513,2020,5.233300208999999,0.09349579400000001,0.39712253200000003,Africa
138,0.55507,0.20338,Ivory Coast,139,0.04476,2016,3.9160000000000004,0.1553,0.40663,Africa
150,0.46534,0.20165,Ivory Coast,151,0.15185,2015,3.655,0.17922000000000002,0.46866,Africa
106,0.541,0.146,Ivory Coast,107,0.08,2018,4.671,0.10300000000000001,0.467,Africa
55,0.8190000000000001,0.096,Jamaica,56,0.693,2018,5.89,0.031,0.575,North America
64,0.81038,0.2123,Jamaica,65,0.6874100000000001,2015,5.709,0.02299,0.50442,North America
72,0.89333,0.22245,Jamaica,73,0.5946899999999999,2016,5.51,0.04294,0.43596999999999997,North America
59,0.779058397,0.116268493,Jamaica,60,0.7884340879999999,2020,5.889800072000001,0.030147785,0.553124607,North America
75,0.925579309463501,0.23381833732128102,Jamaica,76,0.6410223841667181,2017,5.31099987030029,0.0552677810192108,0.474307239055634,North America
55,0.831,0.107,Jamaica,56,0.831,2019,5.89,0.027999999999999997,0.49,North America
61,1.26672411,0.03571178,Japan,62,1.072881341,2020,5.870800018,0.18143963800000001,0.495465875,Asia
45,1.27074,0.10705,Japan,46,0.99111,2015,5.987,0.1806,0.49615,Asia
52,1.3800700000000001,0.10224,Japan,53,0.91491,2016,5.921,0.18985,0.46761,Asia
53,1.294,0.079,Japan,54,0.988,2018,5.915,0.15,0.5529999999999999,Asia
57,1.327,0.069,Japan,58,1.088,2019,5.886,0.14,0.445,Asia
50,1.41691517829895,0.12057276815175999,Japan,51,0.9134758710861209,2017,5.92000007629395,0.163760736584663,0.505625545978546,Asia
118,0.785179198,0.091494769,Jordan,119,0.777624726,2020,4.6333999630000005,0.151878625,0.42485508299999997,Asia
81,0.9019799999999999,0.11052999999999999,Jordan,82,0.69639,2015,5.192,0.14293,0.40660999999999997,Asia
100,0.8370000000000001,0.11,Jordan,101,0.815,2019,4.906000000000001,0.13,0.38299999999999995,Asia
79,0.9967299999999999,0.14262,Jordan,80,0.60712,2016,5.303,0.13297,0.36023,Asia
73,0.9910123944282528,0.17217046022415197,Jordan,74,0.6045900583267211,2017,5.33599996566772,0.11980327218771002,0.418421149253845,Asia
89,0.8220000000000001,0.13,Jordan,90,0.645,2018,5.1610000000000005,0.134,0.46799999999999997,Asia
59,1.2845562696456898,0.20196442306041698,Kazakhstan,60,0.6060415506362921,2017,5.8189997673034695,0.11928288638591802,0.43745428323745705,Asia
59,1.143,0.14800000000000002,Kazakhstan,60,0.631,2018,5.79,0.121,0.45399999999999996,Asia
53,1.1225399999999999,0.11827,Kazakhstan,54,0.64368,2015,5.855,0.08454,0.51649,Asia
59,1.173,0.146,Kazakhstan,60,0.7290000000000001,2019,5.809,0.096,0.41,Asia
49,1.122594237,0.15371379300000002,Kazakhstan,50,0.6987889409999999,2020,6.0578999520000005,0.11046368599999999,0.497432142,Asia
53,1.22943,0.15011,Kazakhstan,54,0.57386,2016,5.919,0.11132,0.4052,Asia
121,0.52267,0.41328000000000004,Kenya,122,0.30146999999999996,2016,4.356,0.06686,0.40576,Africa
120,0.47641339899999996,0.39390209299999995,Kenya,121,0.536312759,2020,4.583000183,0.067201078,0.519180536,Africa
123,0.493,0.35200000000000004,Kenya,124,0.45399999999999996,2018,4.41,0.055,0.504,Africa
120,0.512,0.37200000000000005,Kenya,121,0.581,2019,4.5089999999999995,0.053,0.431,Africa
111,0.560479462146759,0.444860309362411,Kenya,112,0.30998834967613204,2017,4.55299997329712,0.0646413192152977,0.45276376605033897,Africa
124,0.36471,0.37542,Kenya,125,0.41435,2015,4.419,0.05839,0.42215,Africa
45,0.882,0.262,Kosovo,46,0.758,2019,6.1,0.006,0.489,Europe
68,0.80148,0.2831,Kosovo,69,0.63132,2015,5.5889999999999995,0.04741,0.24749000000000002,Europe
76,0.90145,0.27992,Kosovo,77,0.54,2016,5.401,0.06547,0.14396,Europe
65,0.855,0.27399999999999997,Kosovo,66,0.578,2018,5.662000000000001,0.023,0.44799999999999995,Europe
34,0.8404813409999999,0.325286865,Kosovo,35,0.672709167,2020,6.325200081,0.008559024,0.557280421,Europe
77,0.951484382152557,0.319931447505951,Kosovo,78,0.541452050209045,2017,5.27899980545044,0.0574716180562973,0.260287940502167,Europe
47,1.424833655,0.132751092,Kuwait,48,0.776468933,2020,6.102099895,0.112814933,0.5702614189999999,Asia
38,1.5542200000000002,0.16228,Kuwait,39,0.72492,2015,6.295,0.25609,0.55499,Asia
44,1.474,0.16699999999999998,Kuwait,45,0.675,2018,6.082999999999999,0.106,0.5539999999999999,Asia
38,1.63295245170593,0.228289797902107,Kuwait,39,0.6321057081222529,2017,6.10500001907349,0.21515955030918102,0.49633759260177596,Asia
40,1.61714,0.15965,Kuwait,41,0.63569,2016,6.239,0.23669,0.43166000000000004,Asia
50,1.5,0.142,Kuwait,51,0.8079999999999999,2019,6.021,0.09699999999999999,0.493,Asia
97,0.5962200760841371,0.42858037352562,Kyrgyzstan,98,0.553457796573639,2017,5.0040001869201705,0.0394391790032387,0.454943388700485,Asia
91,0.53,0.281,Kyrgyzstan,92,0.594,2018,5.131,0.035,0.54,Asia
84,0.5604399999999999,0.38432,Kyrgyzstan,85,0.5544899999999999,2016,5.185,0.047619999999999996,0.40212,Asia
85,0.551,0.3,Kyrgyzstan,86,0.723,2019,5.261,0.023,0.508,Asia
76,0.47428000000000003,0.3003,Kyrgyzstan,77,0.65088,2015,5.2860000000000005,0.042319999999999997,0.43477,Asia
73,0.513180971,0.30137074,Kyrgyzstan,74,0.680645883,2020,5.541500092000001,0.030466691,0.614617765,Asia
101,0.68042,0.43078999999999995,Laos,102,0.38291,2016,4.876,0.22423,0.52168,Asia
109,0.72,0.23,Laos,110,0.441,2018,4.623,0.174,0.626,Asia
104,0.764,0.266,Laos,105,0.551,2019,4.796,0.16399999999999998,0.547,Asia
103,0.714693844,0.27266711,Laos,104,0.48637828200000005,2020,4.888599873,0.194273964,0.612027287,Asia
98,0.5906600000000001,0.42191999999999996,Laos,99,0.54909,2015,4.876,0.24249,0.59591,Asia
67,1.2178799999999999,0.17445,Latvia,68,0.63952,2016,5.56,0.0889,0.27996,Europe
88,1.11312,0.18225999999999998,Latvia,89,0.72437,2015,5.098,0.06332,0.29671,Europe
53,1.26074862480164,0.153074786067009,Latvia,54,0.638566970825195,2017,5.849999904632571,0.0738427266478539,0.32570791244506797,Europe
52,1.148,0.092,Latvia,53,0.6709999999999999,2018,5.933,0.066,0.363,Europe
56,1.14139545,0.075407945,Latvia,57,0.7779024240000001,2020,5.9499998089999995,0.090391524,0.329198807,Europe
52,1.187,0.075,Latvia,53,0.812,2019,5.94,0.064,0.264,Europe
87,1.07498753070831,0.26445075869560203,Lebanon,88,0.7350810766220089,2017,5.22499990463257,0.037513829767704,0.28851598501205394,Asia
90,0.987,0.166,Lebanon,91,0.815,2019,5.197,0.027000000000000003,0.21600000000000003,Asia
110,0.889232516,0.158524141,Lebanon,111,0.7886711359999999,2020,4.771500111,0.021518147,0.18551667,Asia
92,1.12268,0.23693000000000003,Lebanon,93,0.76171,2016,5.129,0.030610000000000002,0.26228,Asia
102,1.0256399999999999,0.21854,Lebanon,103,0.83947,2015,4.8389999999999995,0.04582,0.33916,Asia
79,0.965,0.214,Lebanon,80,0.785,2018,5.358,0.136,0.503,Asia
138,0.521021246910095,0.157497271895409,Lesotho,139,0.0,2017,3.80800008773804,0.119094640016556,0.390661299228668,Africa
142,0.45493874,0.10262764199999999,Lesotho,143,0.100934811,2020,3.6528000830000003,0.050483823,0.40936753200000003,Africa
140,0.47200000000000003,0.11599999999999999,Lesotho,141,0.079,2018,3.8080000000000003,0.11199999999999999,0.423,Africa
143,0.489,0.107,Lesotho,144,0.168,2019,3.802,0.09300000000000001,0.359,Africa
96,0.37545,0.16388,Lesotho,97,0.07612000000000001,2015,4.898,0.12504,0.31767,Africa
149,0.10705999999999999,0.24063,Liberia,150,0.23165,2016,3.622,0.04852,0.25748000000000004,Africa
140,0.073,0.233,Liberia,141,0.44299999999999995,2019,3.975,0.033,0.37,Africa
148,0.076,0.20600000000000002,Liberia,149,0.267,2018,3.495,0.03,0.419,Africa
147,0.11904179304838199,0.26654988527298,Liberia,148,0.229918196797371,2017,3.5329999923706095,0.0389482490718365,0.33288118243217496,Africa
115,0.0712,0.24361999999999998,Liberia,116,0.34201,2015,4.571000000000001,0.06232000000000001,0.28531,Africa
123,0.174103007,0.22696787100000002,Liberia,124,0.392284274,2020,4.557899952,0.051139875999999994,0.405943096,Africa
66,1.0668799999999998,0.17087,Libya,67,0.52304,2016,5.615,0.10339000000000001,0.40671999999999997,Africa
62,1.13145,0.18295,Libya,63,0.7038,2015,5.754,0.11023,0.41668,Africa
67,1.1018030643463101,0.15207366645336198,Libya,68,0.520169019699097,2017,5.525000095367429,0.0926102101802826,0.465733230113983,Africa
71,1.044,0.133,Libya,72,0.6729999999999999,2019,5.525,0.152,0.41600000000000004,Africa
79,1.021913767,0.14275769900000002,Libya,80,0.615626633,2020,5.488800049,0.17225807899999998,0.45135405700000003,Africa
69,0.985,0.11599999999999999,Libya,70,0.5529999999999999,2018,5.566,0.14800000000000002,0.496,Africa
55,1.14723,0.026410000000000003,Lithuania,56,0.73128,2015,5.832999999999999,0.01031,0.21341999999999997,Europe
51,1.3145823478698702,0.010164656676352,Lithuania,52,0.62894994020462,2017,5.90199995040894,0.0118656428530812,0.234231784939766,Europe
41,1.238,0.043,Lithuania,42,0.818,2019,6.149,0.042,0.29100000000000004,Europe
59,1.2692,0.02025,Lithuania,60,0.64674,2016,5.813,0.0182,0.18929,Europe
49,1.197,0.026000000000000002,Lithuania,50,0.716,2018,5.952000000000001,0.006,0.35,Europe
40,1.193559647,0.053691040999999995,Lithuania,41,0.795421183,2020,6.215499877999999,0.081350274,0.42046079,Europe
19,1.6975200000000001,0.27571,Luxembourg,20,0.8454200000000001,2016,6.871,0.35329,0.5487,Europe
16,1.5639100000000001,0.28034000000000003,Luxembourg,17,0.91894,2015,6.946000000000001,0.37798000000000004,0.61583,Europe
17,1.74194359779358,0.283180981874466,Luxembourg,18,0.845089495182037,2017,6.86299991607666,0.31883442401886,0.59662789106369,Europe
13,1.609,0.19399999999999998,Luxembourg,14,1.012,2019,7.09,0.316,0.526,Europe
16,1.5759999999999998,0.196,Luxembourg,17,0.8959999999999999,2018,6.91,0.321,0.632,Europe
9,1.536676049,0.19595392,Luxembourg,10,0.986442685,2020,7.2375001910000005,0.367041469,0.610137045,Europe
88,0.9590000000000001,0.17300000000000001,Macedonia,89,0.691,2018,5.185,0.052000000000000005,0.39399999999999996,Europe
89,0.935371995,0.18586354,Macedonia,90,0.802994132,2020,5.1598000530000006,0.024595059,0.41022458700000003,Europe
91,1.06457793712616,0.25376096367836,Macedonia,92,0.644948184490204,2017,5.175000190734861,0.0602777935564518,0.325905978679657,Europe
94,1.0193,0.23506999999999997,Macedonia,95,0.6473800000000001,2016,5.121,0.07047,0.27668000000000004,Europe
92,0.91851,0.22359,Macedonia,93,0.73545,2015,5.007,0.053270000000000005,0.33457,Europe
142,0.262,0.155,Madagascar,143,0.402,2018,3.7739999999999996,0.049,0.221,Africa
143,0.305808693170547,0.208732530474663,Madagascar,144,0.375223308801651,2017,3.64400005340576,0.0672319754958153,0.18919676542282102,Africa
136,0.244553208,0.191190064,Madagascar,137,0.500617027,2020,4.165599823,0.076248638,0.192967549,Africa
146,0.20824,0.21333000000000002,Madagascar,147,0.46721,2015,3.681,0.08123999999999999,0.19184,Africa
142,0.27399999999999997,0.16899999999999998,Madagascar,143,0.555,2019,3.9330000000000003,0.040999999999999995,0.14800000000000002,Africa
147,0.27954,0.2204,Madagascar,148,0.37109000000000003,2016,3.695,0.07506,0.13684000000000002,Africa
144,0.176534727,0.21318505699999998,Malawi,145,0.446163297,2020,3.538000107,0.131633952,0.487389833,Africa
149,0.191,0.218,Malawi,150,0.495,2019,3.41,0.08900000000000001,0.44299999999999995,Africa
146,0.18600000000000003,0.21,Malawi,147,0.306,2018,3.5869999999999997,0.08,0.531,Africa
130,0.016040000000000002,0.33128,Malawi,131,0.22562,2015,4.292,0.06977,0.43054,Africa
135,0.233442038297653,0.28717046976089505,Malawi,136,0.315089583396912,2017,3.97000002861023,0.0727116540074348,0.466914653778076,Africa
131,0.08709,0.30968,Malawi,132,0.29364,2016,4.156000000000001,0.07564,0.4143,Africa
79,1.2209999999999999,0.26,Malaysia,80,0.828,2019,5.3389999999999995,0.024,0.508,Asia
60,1.12486,0.33075,Malaysia,61,0.7239399999999999,2015,5.77,0.10500999999999999,0.5302399999999999,Asia
34,1.161,0.311,Malaysia,35,0.669,2018,6.322,0.059000000000000004,0.35600000000000004,Asia
46,1.25142,0.41473999999999994,Malaysia,47,0.62366,2016,6.005,0.09081,0.39031,Asia
41,1.29121541976929,0.416608929634094,Malaysia,42,0.618784427642822,2017,6.08400011062622,0.0656007081270218,0.40226498246192893,Asia
81,1.168421626,0.274886161,Malaysia,82,0.7885118720000001,2020,5.384300232,0.062163132999999995,0.596941531,Asia
86,0.9378643040000001,0.224198252,Maldives,87,0.9144395590000001,2020,5.197599888,0.071906492,0.548203647,
113,0.35246264899999996,0.16966705,Mali,114,0.234981522,2020,4.729300021999999,0.06214627599999999,0.377534449,Africa
137,0.26074,0.18798,Mali,138,0.20583,2015,3.995,0.12352,0.38856999999999997,Africa
134,0.31292,0.21064000000000002,Mali,135,0.16347,2016,4.073,0.13647,0.27544,Africa
117,0.37,0.139,Mali,118,0.152,2018,4.447,0.055999999999999994,0.36700000000000005,Africa
127,0.385,0.153,Mali,128,0.308,2019,4.39,0.052000000000000005,0.327,Africa
126,0.476180493831635,0.183354198932648,Mali,127,0.16936567425727803,2017,4.19000005722046,0.10497024655342098,0.306613743305206,Africa
21,1.3,0.375,Malta,22,0.9990000000000001,2019,6.726,0.151,0.564,Europe
26,1.34327983856201,0.5747305750846861,Malta,27,0.821944236755371,2017,6.52699995040894,0.153066068887711,0.588767051696777,Europe
21,1.2525132890000001,0.341180831,Malta,22,0.9720420240000001,2020,6.772799968999999,0.17886407699999998,0.633239031,Europe
21,1.27,0.376,Malta,22,0.884,2018,6.627000000000001,0.142,0.645,Europe
29,1.30782,0.56237,Malta,30,0.80315,2016,6.4879999999999995,0.17554,0.54994,Europe
36,1.2074,0.51752,Malta,37,0.88721,2015,6.3020000000000005,0.13585999999999998,0.60365,Europe
125,0.557,0.134,Mauritania,126,0.292,2018,4.356,0.09300000000000001,0.129,Africa
128,0.539684892,0.128899664,Mauritania,129,0.425184816,2020,4.374599934,0.122257635,0.185714483,Africa
122,0.6484572887420649,0.201870024204254,Mauritania,123,0.285349279642105,2017,4.29199981689453,0.136957004666328,0.0960980430245399,Africa
123,0.45407,0.21899999999999997,Mauritania,124,0.35874,2015,4.436,0.17461,0.24231999999999998,Africa
129,0.6139100000000001,0.22685999999999998,Mauritania,130,0.28639000000000003,2016,4.2010000000000005,0.17955,0.1268,Africa
121,0.57,0.106,Mauritania,122,0.489,2019,4.49,0.08800000000000001,0.066,Africa
65,1.14372,0.36951,Mauritius,66,0.66189,2016,5.648,0.05202999999999999,0.46145,Africa
63,1.1893955469131499,0.360933750867844,Mauritius,64,0.6380074620246889,2017,5.62900018692017,0.0421815551817417,0.491247326135635,Africa
48,1.07366395,0.18689455100000002,Mauritius,49,0.7633894090000001,2020,6.101299762999999,0.084088229,0.590838134,Africa
56,1.12,0.215,Mauritius,57,0.7979999999999999,2019,5.888,0.06,0.498,Africa
54,1.09,0.245,Mauritius,55,0.684,2018,5.891,0.05,0.584,Africa
70,1.0076100000000001,0.37744,Mauritius,71,0.7095,2015,5.477,0.07521,0.56066,Africa
23,1.038,0.069,Mexico,24,0.7609999999999999,2018,6.4879999999999995,0.095,0.479,North America
22,1.07,0.07400000000000001,Mexico,23,0.861,2019,6.595,0.073,0.433,North America
23,1.024387479,0.083094485,Mexico,24,0.831601024,2020,6.465000152999999,0.083133668,0.553892553,North America
13,1.02054,0.14074,Mexico,14,0.8144399999999999,2015,7.187,0.21311999999999998,0.48181,North America
24,1.1531838178634601,0.12099043279886199,Mexico,25,0.709978997707367,2017,6.57800006866455,0.132774114608765,0.412730008363724,North America
20,1.1150799999999998,0.11735,Mexico,21,0.71143,2016,6.778,0.18355,0.37709000000000004,North America
54,0.69177,0.19997,Moldova,55,0.5230899999999999,2016,5.897,0.019030000000000002,0.25201999999999997,Europe
51,0.59448,0.20951,Moldova,52,0.61826,2015,5.888999999999999,0.01615,0.32818,Europe
69,0.7079167959999999,0.174049184,Moldova,70,0.713299453,2020,5.607500076,0.014378743999999999,0.38957148799999997,Europe
70,0.685,0.18100000000000002,Moldova,71,0.7390000000000001,2019,5.529,0.0,0.245,Europe
66,0.657,0.171,Moldova,67,0.62,2018,5.64,0.0,0.23199999999999998,Europe
55,0.7288706302642819,0.20877912640571603,Moldova,56,0.5894652009010309,2017,5.837999820709231,0.0100912861526012,0.24072904884815197,Europe
93,0.914,0.253,Mongolia,94,0.575,2018,5.125,0.032,0.395,Asia
82,0.948,0.235,Mongolia,83,0.667,2019,5.285,0.038,0.317,Asia
80,0.904872775,0.26388573600000004,Mongolia,81,0.6157881620000001,2020,5.4562001229999995,0.046533125999999994,0.355703115,Asia
99,1.0272358655929599,0.338464230298996,Mongolia,100,0.557783484458923,2017,4.95499992370605,0.0329022891819477,0.39414396882057207,Asia
99,0.82819,0.3323,Mongolia,100,0.60268,2015,4.874,0.026660000000000003,0.43626000000000004,Asia
100,0.9885299999999999,0.34539000000000003,Mongolia,101,0.55469,2016,4.907,0.03285,0.35972,Asia
82,0.9743799999999999,0.1614,Montenegro,82,0.72521,2015,5.192,0.14296,0.1826,Europe
80,1.0170000000000001,0.111,Montenegro,81,0.7290000000000001,2018,5.347,0.081,0.259,Europe
87,1.07838,0.17190999999999998,Montenegro,88,0.6353300000000001,2016,5.1610000000000005,0.12721,0.15111,Europe
71,1.010150075,0.14901033,Montenegro,72,0.839028895,2020,5.54610014,0.09843511099999999,0.303223848,Europe
82,1.12112903594971,0.197911024093628,Montenegro,83,0.6674646735191351,2017,5.23699998855591,0.0881741940975189,0.194989055395126,Europe
72,1.051,0.142,Montenegro,73,0.871,2019,5.523,0.08,0.19699999999999998,Europe
83,0.8781145811080929,0.0322099551558495,Morocco,84,0.59771066904068,2017,5.2350001335144,0.0877631828188896,0.408158332109451,Africa
84,0.779,0.026000000000000002,Morocco,85,0.669,2018,5.254,0.07400000000000001,0.46,Africa
96,0.75862211,0.040032551,Morocco,97,0.745096922,2020,5.094799995,0.07738560400000001,0.45005413899999996,Africa
91,0.7347899999999999,0.07172,Morocco,92,0.60954,2015,5.013,0.08546000000000001,0.41691000000000006,Africa
89,0.8405799999999999,0.040530000000000004,Morocco,90,0.5947100000000001,2016,5.151,0.08404,0.25645999999999997,Africa
88,0.8009999999999999,0.036000000000000004,Morocco,89,0.782,2019,5.207999999999999,0.076,0.418,Africa
119,0.178741366,0.22042210399999998,Mozambique,120,0.324223638,2020,4.623600006,0.163064316,0.56077534,Africa
122,0.204,0.19699999999999998,Mozambique,123,0.39,2019,4.466,0.138,0.494,Africa
122,0.198,0.20600000000000002,Mozambique,123,0.17300000000000001,2018,4.417,0.158,0.531,Africa
112,0.23430564999580397,0.322228103876114,Mozambique,113,0.10665443539619399,2017,4.550000190734861,0.17943638563156103,0.48079109191894503,Africa
93,0.08308,0.22269,Mozambique,94,0.09131,2015,4.971,0.15603,0.34037,Africa
130,0.71,0.5660000000000001,Myanmar,131,0.555,2019,4.36,0.172,0.525,Asia
129,0.682,0.598,Myanmar,130,0.429,2018,4.308,0.17800000000000002,0.58,Asia
118,0.34112,0.81971,Myanmar,119,0.3988,2016,4.395,0.20243,0.42691999999999997,Asia
128,0.27108000000000004,0.79588,Myanmar,129,0.48246000000000006,2015,4.3069999999999995,0.19034,0.44017,Asia
132,0.67809093,0.569813728,Myanmar,133,0.49544307600000004,2020,4.308000088,0.18753035399999998,0.5974788670000001,Asia
113,0.36711055040359497,0.8380751609802249,Myanmar,114,0.397522568702698,2017,4.54500007629395,0.188816204667091,0.514492034912109,Asia
118,0.8740000000000001,0.051,Namibia,119,0.365,2018,4.441,0.064,0.519,Africa
121,0.84008199,0.076454483,Namibia,122,0.40687117,2020,4.571100235,0.054320343,0.44459897299999995,Africa
112,0.879,0.07,Namibia,113,0.47700000000000004,2019,4.638999999999999,0.055999999999999994,0.401,Africa
112,0.9328700000000001,0.07795,Namibia,113,0.34745,2016,4.574,0.10397999999999999,0.48613999999999996,Africa
110,0.964434325695038,0.0771337449550629,Namibia,111,0.33861181139946,2017,4.57399988174438,0.0931469723582268,0.520303547382355,Africa
98,0.479820191860199,0.39409616589546204,Nepal,99,0.504130780696869,2017,4.961999893188481,0.0729755461215973,0.44030594825744607,Asia
99,0.446,0.285,Nepal,100,0.677,2019,4.913,0.08900000000000001,0.439,Asia
120,0.35996999999999996,0.32295999999999997,Nepal,121,0.5687399999999999,2015,4.513999999999999,0.059070000000000004,0.38282,Asia
106,0.44626000000000005,0.3816,Nepal,107,0.50073,2016,4.793,0.07007999999999999,0.37012,Asia
100,0.425,0.302,Nepal,101,0.539,2018,4.88,0.078,0.526,Asia
91,0.444050372,0.300971806,Nepal,92,0.66887939,2020,5.137199879,0.127502963,0.480608255,Asia
4,1.396,0.322,Netherlands,5,0.9990000000000001,2019,7.4879999999999995,0.298,0.557,Europe
5,1.50394463539124,0.47048982977867104,Netherlands,6,0.8106961250305179,2017,7.3769998550415,0.282661825418472,0.5853844881057739,Europe
5,1.338946342,0.336317569,Netherlands,6,0.9756753440000001,2020,7.448900223,0.368569762,0.61362648,Europe
6,1.46468,0.47416,Netherlands,7,0.8123100000000001,2016,7.3389999999999995,0.29927,0.55211,Europe
5,1.361,0.33299999999999996,Netherlands,6,0.878,2018,7.441,0.295,0.638,Europe
6,1.32944,0.4761,Netherlands,7,0.89284,2015,7.377999999999999,0.31814000000000003,0.6157600000000001,Europe
7,1.242317915,0.325726211,New Zealand,8,1.008138299,2020,7.2996001239999995,0.46126827600000003,0.646789908,Australia
7,1.36066,0.49401000000000006,New Zealand,8,0.83096,2016,7.334,0.41903999999999997,0.5814699999999999,Australia
8,1.2501799999999998,0.47501000000000004,New Zealand,9,0.9083700000000001,2015,7.2860000000000005,0.42922,0.6393800000000001,Australia
7,1.268,0.365,New Zealand,8,0.8759999999999999,2018,7.324,0.389,0.669,Australia
7,1.40570604801178,0.500005125999451,New Zealand,8,0.816759705543518,2017,7.31400012969971,0.38281670212745705,0.6140621304512021,Australia
7,1.3030000000000002,0.33,New Zealand,8,1.026,2019,7.307,0.38,0.585,Australia
40,0.6679999999999999,0.20800000000000002,Nicaragua,41,0.7,2018,6.141,0.128,0.527,North America
56,0.59325,0.27815,Nicaragua,57,0.7431399999999999,2015,5.827999999999999,0.19317,0.55475,North America
45,0.620033145,0.212871477,Nicaragua,46,0.803093255,2020,6.13710022,0.174084574,0.560117304,North America
42,0.737299203872681,0.301674216985703,Nicaragua,43,0.6530959606170649,2017,6.07100009918213,0.130687981843948,0.447551846504211,North America
44,0.6940000000000001,0.2,Nicaragua,45,0.835,2019,6.105,0.127,0.435,North America
47,0.69384,0.29773,Nicaragua,48,0.65213,2016,5.992000000000001,0.16292,0.46581999999999996,North America
134,0.16192533075809498,0.22867384552955602,Niger,135,0.26850500702858,2017,4.02799987792969,0.13857294619083402,0.36365869641304,Africa
133,0.131,0.175,Niger,134,0.221,2018,4.166,0.099,0.39,Africa
102,0.10833033199999999,0.20817689600000003,Niger,103,0.29881635300000003,2020,4.909599781,0.137554765,0.435311615,Africa
141,0.1327,0.2097,Niger,142,0.26161999999999996,2016,3.8560000000000003,0.17176,0.38040999999999997,Africa
113,0.138,0.188,Niger,114,0.366,2019,4.628,0.102,0.318,Africa
143,0.0694,0.19387000000000001,Niger,144,0.29707,2015,3.845,0.15639,0.47691999999999996,Africa
84,0.696,0.215,Nigeria,85,0.245,2019,5.265,0.040999999999999995,0.426,Africa
77,0.65435,0.27233,Nigeria,78,0.16007000000000002,2015,5.268,0.0403,0.34334000000000003,Africa
102,0.75216,0.23219,Nigeria,103,0.05108,2016,4.875,0.0305,0.27854,Africa
90,0.6890000000000001,0.201,Nigeria,91,0.048,2018,5.155,0.032,0.462,Africa
94,0.783756256103516,0.23094719648361198,Nigeria,95,0.0569157302379608,2017,5.07399988174438,0.0261215660721064,0.394952565431595,Africa
114,0.645901859,0.221328124,Nigeria,115,0.16783593600000002,2020,4.724100113,0.047589935,0.435079455,Africa
65,1.2080600000000001,0.26169000000000003,North Cyprus,66,0.92356,2015,5.695,0.1428,0.49027,Europe
60,1.3469113111496,0.266845703125,North Cyprus,61,0.834647238254547,2017,5.80999994277954,0.155353352427483,0.47120362520217896,Europe
75,1.21279943,0.19916005399999998,North Cyprus,76,1.0261245970000001,2020,5.53550005,0.199802905,0.477885723,Europe
61,1.31141,0.26322,North Cyprus,62,0.8414200000000001,2016,5.771,0.16577999999999998,0.43596,Europe
83,0.983,0.185,North Macedonia,84,0.838,2019,5.274,0.034,0.345,Europe
63,1.263,0.191,Northern Cyprus,64,1.042,2019,5.718,0.162,0.41700000000000004,Europe
57,1.229,0.179,Northern Cyprus,58,0.909,2018,5.835,0.154,0.495,Europe
3,1.57744,0.37895,Norway,4,0.79579,2016,7.497999999999999,0.35775999999999997,0.59609,Europe
2,1.4880000000000002,0.271,Norway,3,1.028,2019,7.553999999999999,0.341,0.603,Europe
1,1.456,0.28600000000000003,Norway,2,0.861,2018,7.593999999999999,0.34,0.6859999999999999,Europe
0,1.6164631843566901,0.36201223731041,Norway,1,0.796666502952576,2017,7.537000179290769,0.31596383452415505,0.635422587394714,Europe
4,1.42420733,0.287985086,Norway,5,1.0080718990000002,2020,7.487999916000001,0.43410056799999996,0.670200884,Europe
3,1.459,0.34699,Norway,4,0.88521,2015,7.522,0.36503,0.66973,Europe
21,1.36011,0.21541999999999997,Oman,22,0.76276,2015,6.853,0.32524000000000003,0.63274,Asia
65,0.616799474,0.22870506300000001,Pakistan,66,0.46993324200000003,2020,5.69329977,0.122592121,0.405421734,Asia
80,0.59543,0.33671,Pakistan,81,0.51466,2015,5.194,0.10464000000000001,0.12102,Asia
74,0.652,0.21600000000000003,Pakistan,75,0.424,2018,5.472,0.113,0.33399999999999996,Asia
91,0.68816,0.31185,Pakistan,92,0.40306,2016,5.132000000000001,0.1388,0.14622000000000002,Asia
66,0.677,0.22,Pakistan,67,0.535,2019,5.653,0.098,0.313,Asia
79,0.7268835306167599,0.31544601917266807,Pakistan,80,0.40204778313636796,2017,5.26900005340576,0.12434806674718901,0.23521526157856,Asia
107,0.67024,0.11154000000000001,Palestinian Territories,108,0.56844,2016,4.754,0.10613,0.17744000000000001,Asia
102,0.716249227523804,0.114173173904419,Palestinian Territories,103,0.565666973590851,2017,4.77500009536743,0.0892826020717621,0.25471106171608,Asia
124,0.587819219,0.091816261,Palestinian Territories,125,0.613826573,2020,4.552800179,0.07191365200000001,0.29870075,Asia
109,0.657,0.10300000000000001,Palestinian Territories,110,0.672,2019,4.696000000000001,0.066,0.225,Asia
103,0.642,0.086,Palestinian Territories,104,0.602,2018,4.743,0.076,0.266,Asia
107,0.59867,0.11250999999999999,Palestinian Territories,108,0.66015,2015,4.715,0.12905,0.24499,Asia
29,1.23374843597412,0.21055693924427,Panama,30,0.706156134605408,2017,6.4520001411438,0.070983923971653,0.550026834011078,North America
26,1.112,0.125,Panama,27,0.759,2018,6.43,0.063,0.597,North America
24,1.0635299999999999,0.24434,Panama,25,0.79661,2015,6.7860000000000005,0.0927,0.5421,North America
24,1.18306,0.2418,Panama,25,0.70835,2016,6.7010000000000005,0.08423,0.48927,North America
30,1.149,0.109,Panama,31,0.91,2019,6.321000000000001,0.054000000000000006,0.516,North America
35,1.097667813,0.097207308,Panama,36,0.878546536,2020,6.304800033999999,0.054230525999999994,0.57984978,North America
69,0.932537317276001,0.224150657653809,Paraguay,70,0.579250693321228,2017,5.493000030517581,0.091065913438797,0.473507791757584,South America
69,0.8937299999999999,0.25296,Paraguay,70,0.58295,2016,5.537999999999999,0.07396,0.46235,South America
66,0.897990823,0.20429924100000002,Paraguay,67,0.7358696459999999,2020,5.6921000479999995,0.065077379,0.586510062,South America
63,0.835,0.162,Paraguay,64,0.615,2018,5.681,0.07400000000000001,0.541,South America
62,0.855,0.184,Paraguay,63,0.777,2019,5.742999999999999,0.08,0.514,South America
52,0.75985,0.3424,Paraguay,53,0.66098,2015,5.877999999999999,0.08242000000000001,0.53899,South America
62,0.91854918,0.091611817,Peru,63,0.824444175,2020,5.796800137000001,0.02703266,0.513210058,South America
64,0.934,0.092,Peru,65,0.674,2018,5.662999999999999,0.034,0.53,South America
63,0.9960200000000001,0.14527,Peru,64,0.6299399999999999,2016,5.742999999999999,0.05292,0.37501999999999996,South America
62,1.0352252721786501,0.126819714903831,Peru,63,0.6301661133766171,2017,5.71500015258789,0.0470490865409374,0.45000287890434293,South America
64,0.96,0.083,Peru,65,0.8540000000000001,2019,5.697,0.027000000000000003,0.455,South America
57,0.9001899999999999,0.14982,Peru,58,0.73017,2015,5.824,0.05989,0.41496000000000005,South America
51,0.7751206759999999,0.12926021199999999,Philippines,52,0.602189481,2020,6.006000042,0.13038572699999998,0.6219151620000001,Asia
68,0.807,0.11699999999999999,Philippines,69,0.657,2019,5.631,0.107,0.5579999999999999,Asia
71,0.85769921541214,0.193513423204422,Philippines,72,0.46800905466079706,2017,5.42999982833862,0.0993318930268288,0.585214674472809,Asia
70,0.775,0.12,Philippines,71,0.513,2018,5.524,0.105,0.643,Asia
81,0.81217,0.21674000000000002,Philippines,82,0.47036000000000006,2016,5.279,0.11757000000000001,0.5485399999999999,Asia
89,0.70532,0.24991,Philippines,90,0.58114,2015,5.073,0.12279000000000001,0.62545,Asia
39,1.206,0.11699999999999999,Poland,40,0.884,2019,6.182,0.05,0.483,Europe
42,1.16922915,0.06337424400000001,Poland,43,0.868038476,2020,6.1862998010000005,0.160541251,0.557903528,Europe
56,1.24585,0.14443,Poland,57,0.69058,2016,5.835,0.055,0.4519,Europe
59,1.12555,0.16759000000000002,Poland,60,0.77903,2015,5.791,0.04212,0.53122,Europe
45,1.29178786277771,0.158465966582298,Poland,46,0.699475347995758,2017,5.97300004959106,0.0593078061938286,0.520342111587524,Europe
41,1.176,0.10800000000000001,Poland,42,0.7809999999999999,2018,6.122999999999999,0.064,0.546,Europe
88,1.3151752948761002,0.0951027125120163,Portugal,89,0.795843541622162,2017,5.19500017166138,0.0158694516867399,0.498465299606323,Europe
87,1.15991,0.13719,Portugal,88,0.8751899999999999,2015,5.102,0.01078,0.51469,Europe
58,1.168800831,0.053036947,Portugal,59,0.979315281,2020,5.9109001160000005,0.027733466000000002,0.5898951889999999,Europe
65,1.2209999999999999,0.047,Portugal,66,0.9990000000000001,2019,5.693,0.025,0.508,Europe
93,1.27607,0.11690999999999999,Portugal,94,0.7936300000000001,2016,5.122999999999999,0.01521,0.44727,Europe
76,1.188,0.055,Portugal,77,0.884,2018,5.41,0.017,0.562,Europe
14,1.35943,0.22202,Puerto Rico,15,0.77758,2016,7.039,0.12275,0.46823000000000004,North America
31,1.649,0.256,Qatar,32,0.748,2018,6.374,0.171,0.654,Asia
27,1.69042,0.32573,Qatar,28,0.79733,2015,6.611000000000001,0.52208,0.6404,Asia
34,1.8707656860351598,0.33047387003898604,Qatar,35,0.7100980877876278,2017,6.375,0.43929925560951205,0.604130983352661,Asia
35,1.82427,0.32388,Qatar,36,0.71723,2016,6.375,0.48049,0.56679,Asia
28,1.6840000000000002,0.22,Qatar,29,0.871,2019,6.374,0.16699999999999998,0.555,Asia
70,1.1697,0.12889,Romania,71,0.67602,2016,5.528,0.006790000000000001,0.36712,Europe
85,1.04345,0.13748,Romania,86,0.7689,2015,5.124,0.006490000000000001,0.35068,Europe
47,1.162,0.083,Romania,48,0.825,2019,6.07,0.005,0.462,Europe
46,1.1204016209999998,0.068181619,Romania,47,0.79229486,2020,6.123700142000001,0.0008295689999999999,0.534852326,Europe
51,1.1159999999999999,0.08800000000000001,Romania,52,0.726,2018,5.945,0.001,0.528,Europe
56,1.21768391132355,0.133519917726517,Romania,57,0.6851583123207089,2017,5.824999809265139,0.0043879006989300294,0.457003742456436,Europe
63,1.13764,0.00199,Russia,64,0.6692600000000001,2015,5.716,0.03005,0.36679,Europe
72,1.126999617,0.099041916,Russia,73,0.68044591,2020,5.546000004,0.045699362,0.399499595,Europe
48,1.28177809715271,0.0522638224065304,Russia,49,0.547349333763123,2017,5.962999820709231,0.0329628810286522,0.373783111572266,Europe
55,1.2322799999999998,0.027360000000000002,Russia,56,0.58991,2016,5.856,0.03586,0.32682,Europe
58,1.151,0.065,Russia,59,0.599,2018,5.81,0.025,0.39899999999999997,Europe
67,1.183,0.08199999999999999,Russia,68,0.726,2019,5.648,0.031,0.33399999999999996,Europe
153,0.22208000000000003,0.22628,Rwanda,154,0.42863999999999997,2015,3.465,0.55191,0.59201,Africa
151,0.32846,0.23551999999999998,Rwanda,152,0.31865,2016,3.515,0.50521,0.5432,Africa
149,0.343242675,0.235704988,Rwanda,150,0.572383285,2020,3.312299967,0.485542476,0.604087889,Africa
150,0.368745893239975,0.25275602936744695,Rwanda,151,0.326424807310104,2017,3.47099995613098,0.455220013856888,0.5818438529968261,Africa
150,0.332,0.2,Rwanda,151,0.4,2018,3.408,0.444,0.636,Africa
151,0.359,0.217,Rwanda,152,0.614,2019,3.3339999999999996,0.41100000000000003,0.555,Africa
26,1.334328532,0.087440684,Saudi Arabia,27,0.759818137,2020,6.406499863,0.163322315,0.548477471,Asia
33,1.48953,0.15457,Saudi Arabia,34,0.59267,2016,6.379,0.30008,0.37904,Asia
32,1.379,0.098,Saudi Arabia,33,0.633,2018,6.371,0.127,0.509,Asia
27,1.403,0.08,Saudi Arabia,28,0.795,2019,6.375,0.132,0.439,Asia
34,1.39541,0.13706,Saudi Arabia,35,0.72025,2015,6.4110000000000005,0.32524000000000003,0.31048000000000003,Asia
36,1.53062355518341,0.147616013884544,Saudi Arabia,37,0.590148329734802,2017,6.343999862670901,0.27343225479126004,0.449750572443008,Asia
127,0.44314,0.19103,Senegal,128,0.40457,2016,4.218999999999999,0.11681,0.31056,Africa
108,0.429,0.138,Senegal,109,0.433,2018,4.631,0.08199999999999999,0.406,Africa
110,0.45,0.153,Senegal,111,0.5710000000000001,2019,4.681,0.07200000000000001,0.292,Africa
100,0.5040618179999999,0.164397135,Senegal,101,0.518391907,2020,4.980800152,0.081865937,0.352400899,Africa
114,0.479309022426605,0.183468893170357,Senegal,115,0.409362852573395,2017,4.53499984741211,0.11546044796705199,0.37792226672172496,Africa
141,0.36498,0.20843000000000003,Senegal,142,0.4354,2015,3.904,0.10712999999999999,0.36772,Africa
72,1.06931757926941,0.22012588381767298,Serbia,73,0.65078467130661,2017,5.39499998092651,0.0409037806093693,0.20871552824974102,Europe
69,1.004,0.13699999999999998,Serbia,70,0.8540000000000001,2019,5.603,0.039,0.282,Europe
85,1.03437,0.20736999999999997,Serbia,86,0.6458,2016,5.1770000000000005,0.04339,0.15718,Europe
86,0.92053,0.19230999999999998,Serbia,87,0.74836,2015,5.122999999999999,0.02617,0.20107,Europe
77,0.975,0.134,Serbia,78,0.685,2018,5.398,0.043,0.28800000000000003,Europe
63,0.9881818290000001,0.15028289,Serbia,64,0.828403294,2020,5.77820015,0.059447147,0.395428419,Europe
128,0.268,0.252,Sierra Leone,129,0.242,2019,4.374,0.045,0.309,Africa
138,0.24056038300000002,0.257647008,Sierra Leone,139,0.20395396600000001,2020,3.926399946,0.047940935999999996,0.38202768600000003,Africa
122,0.33024000000000003,0.21488000000000002,Sierra Leone,123,0.0,2015,4.507,0.08786000000000001,0.4084,Africa
112,0.256,0.23800000000000002,Sierra Leone,113,0.0,2018,4.571000000000001,0.053,0.355,Africa
110,0.36485,0.23897,Sierra Leone,111,0.0,2016,4.635,0.08196,0.30685,Africa
105,0.36842092871666,0.293040901422501,Sierra Leone,106,0.005564753897488121,2017,4.70900011062622,0.0710951760411263,0.318697690963745,Africa
21,1.64555,0.32706,Singapore,22,0.94719,2016,6.739,0.46986999999999995,0.4877,Asia
30,1.519580126,0.21877090600000001,Singapore,31,1.137814283,2020,6.377099991000001,0.533162236,0.635317206,Asia
33,1.5290000000000001,0.261,Singapore,34,1.008,2018,6.343,0.457,0.631,Asia
25,1.69227766990662,0.345965981483459,Singapore,26,0.9494923949241642,2017,6.57200002670288,0.46430778503417997,0.549840569496155,Asia
23,1.52186,0.31105,Singapore,24,1.02525,2015,6.797999999999999,0.4921,0.54252,Asia
33,1.5719999999999998,0.271,Singapore,34,1.141,2019,6.2620000000000005,0.45299999999999996,0.556,Asia
44,1.1689100000000001,0.16893,Slovakia,45,0.7890199999999999,2015,5.995,0.03431,0.31751,Europe
39,1.32539355754852,0.136544480919838,Slovakia,40,0.712732911109924,2017,6.09800004959106,0.0242108516395092,0.295817464590073,Europe
37,1.246,0.121,Slovakia,38,0.8809999999999999,2019,6.1979999999999995,0.013999999999999999,0.33399999999999996,Europe
38,1.21,0.11800000000000001,Slovakia,39,0.7759999999999999,2018,6.172999999999999,0.013999999999999999,0.354,Europe
36,1.194837689,0.11672977400000001,Slovakia,37,0.853465259,2020,6.280600071,0.011291441000000001,0.423542529,Europe
44,1.27973,0.13837,Slovakia,45,0.70367,2016,6.077999999999999,0.02947,0.23390999999999998,Europe
43,1.258,0.14400000000000002,Slovenia,44,0.953,2019,6.117999999999999,0.057,0.564,Europe
62,1.2994700000000001,0.25738,Slovenia,63,0.79151,2016,5.768,0.03635,0.53164,Europe
32,1.208652496,0.145701498,Slovenia,33,0.932548046,2020,6.363399982000001,0.076516323,0.646700144,Europe
54,1.18498,0.25328,Slovenia,55,0.8733700000000001,2015,5.848,0.03787,0.60855,Europe
61,1.3412059545516999,0.242649093270302,Slovenia,62,0.7908282279968258,2017,5.75799989700317,0.0451289787888527,0.572575807571411,Europe
50,1.219,0.16,Slovenia,51,0.856,2018,5.9479999999999995,0.051,0.633,Europe
111,0.0,0.243,Somalia,112,0.268,2019,4.668,0.27,0.5589999999999999,Africa
92,0.0226431842893362,0.291631311178207,Somalia,93,0.11398913711309401,2017,5.151000022888179,0.28241032361984303,0.602126955986023,Africa
97,0.0,0.23800000000000002,Somalia,98,0.115,2018,4.982,0.282,0.674,Africa
75,0.0,0.27225,Somalia,76,0.11465999999999998,2016,5.44,0.3118,0.5677800000000001,Africa
96,0.25558000000000003,0.51479,Somaliland Region,97,0.33108000000000004,2016,5.0569999999999995,0.36794,0.3913,Africa
90,0.18847,0.5031800000000001,Somaliland region,91,0.43873,2015,5.0569999999999995,0.39928,0.46581999999999996,Africa
112,0.9204899999999999,0.11972999999999999,South Africa,113,0.27688,2015,4.6419999999999995,0.08884,0.33207,Africa
108,0.9021404390000001,0.12640684800000002,South Africa,109,0.407034069,2020,4.814099789,0.05950214,0.43478182,Africa
115,1.02416,0.13656,South Africa,116,0.18611,2016,4.459,0.08415,0.42483000000000004,Africa
105,0.96,0.13,South Africa,106,0.469,2019,4.7219999999999995,0.055,0.389,Africa
100,1.05469870567322,0.13936237990856198,South Africa,101,0.18708007037639604,2017,4.8289999961853,0.0725094974040985,0.479246735572815,Africa
104,0.94,0.10300000000000001,South Africa,105,0.33,2018,4.724,0.055999999999999994,0.516,Africa
54,1.40167844295502,0.206674367189407,South Korea,55,0.900214076042175,2017,5.837999820709231,0.0632826685905457,0.257921665906906,Asia
57,1.35948,0.18824000000000002,South Korea,57,0.88645,2016,5.835,0.07716,0.25168,Asia
60,1.245300651,0.17030386600000003,South Korea,61,1.0225425959999999,2020,5.872399807000001,0.09459628199999999,0.25935635,Asia
46,1.24461,0.18557,South Korea,47,0.9653799999999999,2015,5.984,0.07857,0.33208000000000004,Asia
56,1.266,0.175,South Korea,57,0.955,2018,5.875,0.051,0.244,Asia
53,1.301,0.175,South Korea,54,1.036,2019,5.895,0.055999999999999994,0.159,Asia
153,0.337,0.22399999999999998,South Sudan,154,0.177,2018,3.2539999999999996,0.106,0.11199999999999999,Africa
155,0.306,0.20199999999999999,South Sudan,156,0.295,2019,2.853,0.091,0.01,Africa
151,0.289082974,0.209934607,South Sudan,152,0.208809033,2020,2.8166000839999996,0.111156799,0.065609254,Africa
146,0.39724862575531,0.285670816898346,South Sudan,147,0.163486003875732,2017,3.5910000801086404,0.116793513298035,0.147062435746193,Africa
142,0.39394,0.25899,South Sudan,143,0.15780999999999998,2016,3.832,0.13015,0.19662000000000002,Africa
35,1.251,0.142,Spain,36,0.965,2018,6.31,0.07400000000000001,0.449,Europe
29,1.286,0.153,Spain,30,1.062,2019,6.354,0.079,0.36200000000000004,Europe
36,1.34253,0.17665,Spain,37,0.8789600000000001,2016,6.361000000000001,0.06137000000000001,0.37545,Europe
35,1.23011,0.18227000000000002,Spain,36,0.95562,2015,6.329,0.06398,0.45951000000000003,Europe
33,1.38439786434174,0.190133571624756,Spain,34,0.888960599899292,2017,6.40299987792969,0.0709140971302986,0.408781230449677,Europe
27,1.230535269,0.16530548,Spain,28,1.051343083,2020,6.4008998870000005,0.109579779,0.425983816,Europe
131,0.83524,0.40828000000000003,Sri Lanka,132,0.70806,2015,4.271,0.09179,0.5372600000000001,Asia
129,0.897986948,0.25266614600000004,Sri Lanka,130,0.792036712,2020,4.327000141,0.049444564,0.528632462,Asia
115,0.9179999999999999,0.307,Sri Lanka,116,0.672,2018,4.471,0.05,0.585,Asia
119,1.00985014438629,0.49086356163024897,Sri Lanka,120,0.625130832195282,2017,4.44000005722046,0.0736539661884308,0.561213254928589,Asia
116,0.9731799999999999,0.46978000000000003,Sri Lanka,117,0.62007,2016,4.415,0.07964,0.50817,Asia
129,0.9490000000000001,0.244,Sri Lanka,130,0.831,2019,4.3660000000000005,0.047,0.47,Asia
117,0.52107,0.19062,Sudan,118,0.36878,2015,4.55,0.1466,0.10081,Africa
132,0.63069,0.18077000000000001,Sudan,133,0.29759,2016,4.138999999999999,0.10039,0.0,Africa
129,0.6595166921615601,0.182317450642586,Sudan,130,0.290920823812485,2017,4.138999938964839,0.089847519993782,0.0149958552792668,Africa
136,0.605,0.134,Sudan,137,0.312,2018,4.138999999999999,0.08199999999999999,0.016,Africa
39,1.09686,0.16665,Suriname,40,0.5093300000000001,2016,6.269,0.12692,0.5223399999999999,South America
39,0.99534,0.16990999999999998,Suriname,40,0.6082,2015,6.269,0.13633,0.5965699999999999,South America
134,0.8109999999999999,0.07400000000000001,Swaziland,135,0.0,2019,4.212,0.135,0.313,Africa
100,0.71206,0.18259,Swaziland,101,0.07566,2015,4.867,0.0306,0.30658,Africa
131,0.827539742,0.067264833,Swaziland,132,0.215585828,2020,4.3081002239999995,0.14676587300000002,0.299935788,Africa
9,1.45181,0.38254,Sweden,10,0.83121,2016,7.291,0.40867,0.58218,Europe
6,1.322235227,0.272827893,Sweden,7,0.9864704609999999,2020,7.353499889,0.442066371,0.6502977010000001,Europe
8,1.49438726902008,0.38539925217628496,Sweden,9,0.830875158309937,2017,7.28399991989136,0.384398728609085,0.612924098968506,Europe
8,1.355,0.285,Sweden,9,0.9129999999999999,2018,7.314,0.38299999999999995,0.659,Europe
7,1.33171,0.36262,Sweden,8,0.9108700000000001,2015,7.364,0.43843999999999994,0.6598,Europe
6,1.3869999999999998,0.267,Sweden,7,1.0090000000000001,2019,7.343,0.373,0.574,Europe
1,1.5273299999999999,0.28083,Switzerland,2,0.86303,2016,7.5089999999999995,0.41203,0.58557,Europe
5,1.452,0.263,Switzerland,6,1.052,2019,7.48,0.34299999999999997,0.5720000000000001,Europe
0,1.3965100000000001,0.29678000000000004,Switzerland,1,0.9414299999999999,2015,7.587000000000001,0.41978000000000004,0.66557,Europe
4,1.42,0.256,Switzerland,5,0.927,2018,7.487,0.35700000000000004,0.66,Europe
2,1.39077425,0.269055754,Switzerland,3,1.040533185,2020,7.559899807000001,0.407945901,0.62895447,Europe
3,1.5649795532226598,0.29054927825927696,Switzerland,4,0.858131289482117,2017,7.49399995803833,0.36700728535652205,0.620070576667786,Europe
151,0.777153134346008,0.49366372823715204,Syria,152,0.5005333423614501,2017,3.46199989318848,0.15134713053703303,0.0815394446253777,Asia
148,0.619,0.331,Syria,149,0.44,2019,3.4619999999999997,0.141,0.013000000000000001,Asia
155,0.6632,0.47179,Syria,156,0.7219300000000001,2015,3.0060000000000002,0.18905999999999998,0.15684,Asia
149,0.6890000000000001,0.376,Syria,150,0.539,2018,3.4619999999999997,0.14400000000000002,0.08800000000000001,Asia
155,0.7471899999999999,0.48396999999999996,Syria,156,0.6299399999999999,2016,3.069,0.17232999999999998,0.06912,Asia
37,1.29098,0.25376,Taiwan,38,0.8753,2015,6.297999999999999,0.08129,0.3974,Asia
34,1.39729,0.25495,Taiwan,34,0.79565,2016,6.379,0.0663,0.32377,Asia
25,1.365,0.151,Taiwan,26,0.857,2018,6.441,0.078,0.418,Asia
24,1.368,0.242,Taiwan,25,0.914,2019,6.446000000000001,0.09699999999999999,0.35100000000000003,Asia
32,1.4336265325546298,0.258360475301743,Taiwan Province of China,33,0.793984234333038,2017,6.42199993133545,0.0638292357325554,0.361466586589813,Asia
24,1.3274705409999998,0.150598705,Taiwan Province of China,25,0.8784379959999999,2020,6.45539999,0.131516352,0.44940438899999996,Asia
95,0.524713635444641,0.24899764358997303,Tajikistan,96,0.5292351245880129,2017,5.04099988937378,0.14637714624404902,0.47156670689582797,Asia
73,0.493,0.23,Tajikistan,74,0.718,2019,5.4670000000000005,0.14400000000000002,0.389,Asia
70,0.474874616,0.182417125,Tajikistan,71,0.680594802,2020,5.555699825,0.221779913,0.521141171,Asia
99,0.48835,0.25998000000000004,Tajikistan,100,0.5311899999999999,2016,4.996,0.13509000000000002,0.43408,Asia
87,0.474,0.187,Tajikistan,88,0.598,2018,5.199,0.034,0.292,Asia
105,0.39047,0.22974,Tajikistan,106,0.5737899999999999,2015,4.7860000000000005,0.15072,0.47216,Asia
148,0.47155,0.31472,Tanzania,149,0.35700000000000004,2016,3.6660000000000004,0.05099,0.3176,Africa
152,0.455,0.27,Tanzania,153,0.381,2018,3.303,0.09699999999999999,0.48100000000000004,Africa
152,0.511135876178741,0.354256361722946,Tanzania,153,0.364509284496307,2017,3.34899997711182,0.0660351067781448,0.390017777681351,Africa
152,0.47600000000000003,0.276,Tanzania,153,0.499,2019,3.2310000000000003,0.147,0.41700000000000004,Africa
145,0.2852,0.34376999999999996,Tanzania,146,0.38215,2015,3.781,0.05747000000000001,0.32878,Africa
147,0.457163125,0.27154091,Tanzania,148,0.442677855,2020,3.4762001039999997,0.20388086100000002,0.5093430879999999,Africa
51,1.05,0.359,Thailand,52,0.828,2019,6.007999999999999,0.027999999999999997,0.557,Asia
31,1.12786877155304,0.572123110294342,Thailand,32,0.647239029407501,2017,6.4239997863769505,0.0316127352416515,0.580200731754303,Asia
33,0.9669,0.5763,Thailand,34,0.7385,2015,6.455,0.031869999999999996,0.5566399999999999,Asia
45,1.016,0.364,Thailand,46,0.7070000000000001,2018,6.072,0.028999999999999998,0.637,Asia
32,1.0893,0.58696,Thailand,33,0.64915,2016,6.474,0.02833,0.49553,Asia
53,1.007029295,0.376709014,Thailand,54,0.7938558459999999,2020,5.9987998010000005,0.031837862,0.609449804,Asia
138,0.275,0.177,Togo,139,0.41,2019,4.085,0.085,0.293,Africa
157,0.20868,0.16680999999999999,Togo,158,0.28443,2015,2.839,0.10730999999999999,0.36453,Africa
154,0.28123000000000004,0.17517,Togo,155,0.24811,2016,3.303,0.11587,0.34678000000000003,Africa
134,0.268116266,0.200774252,Togo,135,0.34273117799999997,2020,4.187200069,0.114826456,0.303539038,Africa
149,0.30544471740722695,0.19689615070819896,Togo,150,0.247105568647385,2017,3.4949998855590803,0.0956650152802467,0.38042613863945,Africa
138,0.259,0.158,Togo,139,0.253,2018,3.9989999999999997,0.10099999999999999,0.434,Africa
38,1.2309999999999999,0.185,Trinidad & Tobago,39,0.713,2019,6.192,0.016,0.489,South America
37,1.2229999999999999,0.171,Trinidad & Tobago,38,0.564,2018,6.192,0.019,0.575,South America
42,1.32572,0.31935,Trinidad and Tobago,43,0.52608,2016,6.167999999999999,0.01241,0.48453,South America
41,1.167641521,0.199358255,Trinidad and Tobago,42,0.658828557,2020,6.1918997760000005,0.015078396,0.55293113,South America
37,1.36135590076447,0.32529646158218395,Trinidad and Tobago,38,0.5199832916259771,2017,6.1680002212524405,0.00896481610834599,0.518630743026733,South America
40,1.21183,0.31844,Trinidad and Tobago,41,0.61483,2015,6.167999999999999,0.0114,0.55884,South America
123,0.9209999999999999,0.059000000000000004,Tunisia,124,0.815,2019,4.461,0.055,0.16699999999999998,Africa
106,0.88113,0.06431,Tunisia,107,0.73793,2015,4.739,0.06358,0.26268,Africa
127,0.874742687,0.055881143,Tunisia,128,0.781156719,2020,4.392199993,0.043899573,0.23586055600000003,Africa
101,1.00726580619812,0.0496933571994305,Tunisia,102,0.613212049007416,2017,4.80499982833862,0.0867231488227844,0.289680689573288,Africa
97,0.97724,0.03936,Tunisia,98,0.59577,2016,5.045,0.0817,0.23553000000000002,Africa
110,0.9,0.04,Tunisia,111,0.69,2018,4.592,0.063,0.271,Africa
78,1.183,0.083,Turkey,79,0.8079999999999999,2019,5.372999999999999,0.106,0.195,Asia
68,1.1982743740081798,0.0466930419206619,Turkey,69,0.6376056075096129,2017,5.5,0.0996715798974037,0.300740599632263,Asia
73,1.148,0.106,Turkey,74,0.6859999999999999,2018,5.483,0.109,0.324,Asia
77,1.1649200000000002,0.04707,Turkey,78,0.64718,2016,5.388999999999999,0.12347999999999999,0.23889000000000002,Asia
75,1.06098,0.12253,Turkey,76,0.73172,2015,5.332000000000001,0.15746,0.22815,Asia
92,1.127169251,0.08588556900000001,Turkey,93,0.781335294,2020,5.131800175,0.120983243,0.25440076,Asia
69,0.95847,0.16979,Turkmenistan,70,0.53886,2015,5.547999999999999,0.30844,0.4761,Asia
67,1.016,0.19899999999999998,Turkmenistan,68,0.517,2018,5.636,0.037000000000000005,0.41700000000000004,Asia
58,1.1307767629623402,0.24992498755454998,Turkmenistan,59,0.437726080417633,2017,5.82200002670288,0.25927034020423895,0.41827192902565,Asia
86,1.052,0.244,Turkmenistan,87,0.657,2019,5.247000000000001,0.027999999999999997,0.39399999999999996,Asia
94,1.008963585,0.323129326,Turkmenistan,95,0.6124480370000001,2020,5.119100093999999,0.03350389,0.515236676,Asia
64,1.08017,0.22566999999999998,Turkmenistan,65,0.44006000000000006,2016,5.6579999999999995,0.28467,0.37408,Asia
125,0.31233742800000003,0.264807373,Uganda,126,0.378311664,2020,4.43200016,0.063818842,0.401682556,Africa
145,0.34719,0.27102,Uganda,145,0.19625,2016,3.739,0.06442,0.43653000000000003,Africa
140,0.21101999999999999,0.29066,Uganda,141,0.33860999999999997,2015,3.931,0.07267,0.45726999999999995,Africa
134,0.322,0.259,Uganda,135,0.237,2018,4.1610000000000005,0.061,0.45,Africa
135,0.332,0.252,Uganda,136,0.44299999999999995,2019,4.189,0.06,0.35600000000000004,Africa
132,0.381430715322495,0.32576605677604703,Uganda,133,0.21763260662555703,2017,4.08099985122681,0.057069718837738,0.443185955286026,Africa
110,0.79907,0.15275,Ukraine,111,0.6739,2015,4.681,0.02961,0.25123,Europe
131,0.89465194940567,0.270061463117599,Ukraine,132,0.575903952121735,2017,4.09600019454956,0.0230294708162546,0.12297477573156401,Europe
122,0.780434608,0.17855131600000002,Ukraine,123,0.6986743809999999,2020,4.56069994,0.00965116,0.319423705,Europe
137,0.7929999999999999,0.187,Ukraine,138,0.609,2018,4.103,0.011000000000000001,0.163,Europe
132,0.82,0.187,Ukraine,133,0.7390000000000001,2019,4.332,0.01,0.17800000000000002,Europe
122,0.87287,0.20363,Ukraine,123,0.58628,2016,4.324,0.01829,0.12859,Europe
19,2.096,0.18600000000000003,United Arab Emirates,20,0.67,2018,6.774,,0.284,Asia
20,1.4310864209999998,0.28065598,United Arab Emirates,21,0.787814438,2020,6.790800095,0.220213518,0.652936101,Asia
20,1.6263433694839498,0.3609419465065,United Arab Emirates,21,0.726798236370087,2017,6.6479997634887695,0.324489563703537,0.60834527015686,Asia
19,1.42727,0.26428,United Arab Emirates,20,0.80925,2015,6.901,0.38583,0.64157,Asia
27,1.57352,0.26591,United Arab Emirates,28,0.72993,2016,6.5729999999999995,0.35561,0.56215,Asia
20,1.5030000000000001,0.262,United Arab Emirates,21,0.825,2019,6.825,0.182,0.598,Asia
22,1.40283,0.50156,United Kingdom,23,0.80991,2016,6.725,0.27399,0.50036,Europe
10,1.244,0.262,United Kingdom,11,0.888,2018,7.19,0.08199999999999999,0.46399999999999997,Europe
14,1.3330000000000002,0.348,United Kingdom,15,0.996,2019,7.053999999999999,0.278,0.45,Europe
18,1.44163393974304,0.492774158716202,United Kingdom,19,0.805335938930511,2017,6.71400022506714,0.265428066253662,0.508190035820007,Europe
12,1.273061037,0.37343344100000003,United Kingdom,13,0.97570008,2020,7.164500237,0.322601646,0.525168657,Europe
20,1.26637,0.51912,United Kingdom,21,0.90943,2015,6.867000000000001,0.32066999999999996,0.59625,Europe
17,1.3980000000000001,0.29100000000000004,United States,18,0.8190000000000001,2018,6.886,0.133,0.547,North America
17,1.37398684,0.298143059,United States,18,0.831618011,2020,6.939599991000001,0.152284741,0.534608245,North America
13,1.54625928401947,0.392578780651093,United States,14,0.7742866277694699,2017,6.993000030517581,0.135638788342476,0.505740523338318,North America
14,1.3945100000000001,0.40105,United States,15,0.86179,2015,7.119,0.1589,0.54604,North America
18,1.433,0.28,United States,19,0.8740000000000001,2019,6.892,0.128,0.45399999999999996,North America
12,1.50796,0.41076999999999997,United States,13,0.779,2016,7.104,0.14868,0.48163,North America
30,1.093,0.13,Uruguay,31,0.7709999999999999,2018,6.379,0.155,0.625,South America
31,1.06166,0.2324,Uruguay,32,0.8116,2015,6.485,0.24558000000000002,0.6036199999999999,South America
32,1.124,0.127,Uruguay,33,0.8909999999999999,2019,6.292999999999999,0.15,0.523,South America
28,1.18157,0.18056,Uruguay,29,0.72183,2016,6.545,0.21394000000000002,0.54388,South America
25,1.071000457,0.132143691,Uruguay,26,0.856928885,2020,6.440100192999999,0.19342507399999997,0.59426707,South America
27,1.2175596952438401,0.175096929073334,Uruguay,28,0.719216823577881,2017,6.4539999961853,0.17806187272071802,0.5793922543525699,South America
37,0.6966529490000001,0.36331102299999996,Uzbekistan,38,0.716703713,2020,6.257599831,0.280260265,0.6932703259999999,Asia
46,0.786441087722778,0.41598364710807795,Uzbekistan,47,0.498272627592087,2017,5.97100019454956,0.246528223156929,0.6582486629486078,Asia
43,0.7190000000000001,0.32799999999999996,Uzbekistan,44,0.605,2018,6.096,0.259,0.7240000000000001,Asia
40,0.745,0.322,Uzbekistan,41,0.7559999999999999,2019,6.1739999999999995,0.24,0.631,Asia
48,0.7359100000000001,0.34326,Uzbekistan,49,0.50163,2016,5.987,0.28333,0.60848,Asia
43,0.63244,0.22837,Uzbekistan,44,0.59772,2015,6.002999999999999,0.30826,0.6582100000000001,Asia
107,0.96,0.064,Venezuela,108,0.805,2019,4.707,0.047,0.154,South America
22,1.04424,0.058410000000000004,Venezuela,23,0.7205199999999999,2015,6.81,0.11069000000000001,0.42908,South America
81,1.12843120098114,0.0650196298956871,Venezuela,82,0.617144227027893,2017,5.25,0.0644911229610443,0.15399712324142498,South America
43,1.1336700000000002,0.0425,Venezuela,44,0.6190399999999999,2016,6.084,0.08304,0.19847,South America
101,0.996,0.055999999999999994,Venezuela,102,0.657,2018,4.806,0.052000000000000005,0.133,South America
98,0.7702386379999999,0.08717915400000001,Venezuela,99,0.76702553,2020,5.053199768,0.06362477700000001,0.271717221,South America
74,0.63216,0.1686,Vietnam,75,0.7467600000000001,2015,5.36,0.10440999999999999,0.59444,Asia
82,0.718092382,0.136488721,Vietnam,83,0.819133997,2020,5.353499889,0.089848459,0.650835574,Asia
93,0.7885475754737851,0.23496805131435397,Vietnam,94,0.6521689891815191,2017,5.07399988174438,0.0876332372426987,0.571055591106415,Asia
95,0.74037,0.25075,Vietnam,96,0.66157,2016,5.061,0.11556,0.5595399999999999,Asia
93,0.741,0.147,Vietnam,94,0.851,2019,5.175,0.073,0.5429999999999999,Asia
94,0.715,0.177,Vietnam,95,0.7020000000000001,2018,5.103,0.079,0.618,Asia
135,0.5464899999999999,0.09131,Yemen,136,0.40064,2015,4.077,0.07854,0.35570999999999997,Asia
146,0.57939,0.09821,Yemen,147,0.31048000000000003,2016,3.7239999999999998,0.05892000000000001,0.2287,Asia
151,0.442,0.083,Yemen,152,0.34299999999999997,2018,3.355,0.064,0.244,Asia
145,0.392701775,0.09468901199999999,Yemen,146,0.41500017,2020,3.5274000169999997,0.08735212699999999,0.243721485,Asia
145,0.5916834473609921,0.104125209152699,Yemen,146,0.310080915689468,2017,3.59299993515015,0.0567674227058887,0.24946372210979503,Asia
150,0.287,0.10800000000000001,Yemen,151,0.46299999999999997,2019,3.38,0.077,0.14300000000000002,Asia
84,0.47038,0.19591,Zambia,85,0.29924,2015,5.129,0.12468,0.48827,Africa
140,0.536833763,0.250620902,Zambia,141,0.36359334,2020,3.759399891,0.086705238,0.49131754,Africa
124,0.562,0.221,Zambia,125,0.295,2018,4.377,0.08199999999999999,0.503,Africa
105,0.61202,0.17865999999999999,Zambia,106,0.23573000000000002,2016,4.795,0.11479,0.42662,Africa
115,0.6364067792892459,0.249580144882202,Zambia,116,0.25783589482307395,2017,4.513999938964839,0.0782135501503944,0.461603492498398,Africa
137,0.578,0.247,Zambia,138,0.426,2019,4.107,0.087,0.431,Africa
143,0.35700000000000004,0.132,Zimbabwe,144,0.248,2018,3.6919999999999997,0.099,0.406,Africa
114,0.271,0.18987,Zimbabwe,115,0.33475,2015,4.61,0.08079,0.25861,Africa
137,0.37584653496742204,0.189143493771553,Zimbabwe,138,0.19676375389099102,2017,3.875,0.0953753814101219,0.336384207010269,Africa
145,0.366,0.151,Zimbabwe,146,0.433,2019,3.6630000000000003,0.08900000000000001,0.361,Africa
130,0.35041,0.18503,Zimbabwe,131,0.1595,2016,4.1930000000000005,0.08582000000000001,0.25429,Africa
150,0.425564021,0.151349187,Zimbabwe,151,0.375037611,2020,3.2992000580000003,0.080928579,0.37740472,Africa
